ID,2.5_contacts,4.0_contacts,H_B_ligand,H_B_receptor,backbone_alpha,backbone_beta,backbone_other,hydrophobic,pi-cation,pi-pi,pi-t,rotable_bonds,salt_bridge,sidechain_alpha,sidechain_beta,sidechain_other,Exp_energy
1yqj,1,272,0,1,0,11,21,50,0,1,0,5,1,10,109,122,-11.24582559
1mhw,13,337,5,2,0,8,93,29,0,1,0,21,0,21,38,190,-10.15440026
1r5y,10,230,4,0,10,13,18,22,0,1,0,2,0,49,95,55,-8.92481982
1g54,9,230,3,1,1,0,20,13,0,0,1,5,0,43,44,131,-12.18528031
1g53,8,221,3,1,0,0,19,17,0,0,0,5,0,25,46,139,-12.48922154
1g52,8,232,3,1,0,0,20,24,0,0,0,5,0,25,58,137,-13.17999707
1v48,15,331,2,7,0,32,5,16,0,2,0,7,2,0,108,201,-10.77609824
1yqy,12,256,3,3,4,19,12,22,1,1,0,6,2,80,19,134,-10.52741905
1kc7,10,158,0,8,13,9,3,8,0,0,0,3,4,44,82,17,-7.626161828
1d7i,3,63,0,1,0,0,6,8,0,0,0,2,0,13,15,32,-4.973583801
1ogg,10,279,3,4,8,0,15,23,0,0,0,16,0,10,149,107,-7.17024998
1pgp,19,265,1,12,1,2,8,3,0,0,0,11,5,139,15,119,-7.874841018
1yc1,15,291,2,2,15,11,0,28,0,0,0,6,2,163,98,19,-8.524170014
2j2u,3,195,0,1,0,37,30,37,0,0,0,5,0,0,65,66,-10.12676924
1a9m,20,440,5,4,0,27,44,37,0,0,0,20,0,0,167,222,-9.560333306
1hii,7,336,4,4,0,19,47,42,0,0,0,16,2,0,104,173,-10.05769169
1yc4,7,237,2,1,15,7,0,28,0,0,0,5,0,115,100,7,-9.049159416
1pu8,3,149,2,1,1,0,2,29,0,4,2,0,0,83,0,66,-4.282808273
1hn2,1,156,0,0,0,3,0,19,1,2,4,1,0,0,140,14,-8.289306335
2er6,25,458,9,3,0,27,69,42,0,0,0,30,3,17,150,220,-9.974798623
1ez9,12,225,6,2,0,0,3,37,0,0,0,29,0,64,24,146,-7.045910385
2aoc,23,471,8,4,0,43,51,35,0,0,0,30,2,0,162,238,-6.755784663
2hu6,3,192,1,2,3,6,43,31,1,1,0,5,0,50,23,70,-5.263709523
2aog,26,474,9,5,0,52,69,29,0,0,0,30,2,0,188,191,-8.67614063
1j14,8,167,4,0,0,9,60,18,0,0,0,2,0,0,29,77,-6.203164241
1ik4,19,235,1,10,10,10,13,2,0,0,0,4,3,98,79,44,-10.23729332
830c,9,235,2,1,11,19,26,30,2,0,0,7,1,88,40,60,-12.8207938
2ca8,17,229,3,7,7,18,7,14,0,0,0,11,4,21,40,153,-6.43802792
1mh5,8,288,1,5,0,0,11,60,0,1,0,14,2,0,225,60,-12.72408522
1str,14,356,2,7,0,10,1,27,0,0,1,22,0,0,250,109,-6.589998536
1sts,17,470,6,5,0,4,24,42,0,0,1,26,0,0,282,177,-6.907755279
1qhc,21,409,3,10,1,31,0,17,0,1,0,16,8,92,191,115,-10.45834149
1f9g,5,136,1,2,1,0,0,10,0,0,0,6,0,80,0,60,-1.768385351
1w4o,13,223,2,7,0,29,4,9,0,0,0,6,4,49,124,30,-7.211696511
1stc,4,340,2,1,0,21,22,45,0,0,1,4,1,3,197,101,-11.19056355
1v2r,11,287,5,2,0,15,95,24,1,0,0,11,0,0,29,159,-4.904506248
2evl,9,353,4,4,4,0,0,61,0,0,0,38,0,280,0,78,-9.256392074
1vyf,7,183,0,7,2,0,1,23,0,0,0,15,2,42,106,39,-11.121486
1vyg,5,242,0,5,5,1,0,37,0,0,0,14,2,42,151,48,-11.05240845
1upf,4,127,0,2,3,0,12,19,0,1,0,0,0,9,0,107,-6.355134857
1uou,6,209,2,2,7,32,0,13,0,0,1,2,0,111,62,3,-10.63794313
1caq,7,251,1,2,4,17,29,33,4,3,2,8,4,63,63,82,-10.66557415
1o36,1,10,0,0,0,0,4,0,0,0,0,9,0,0,0,7,-8.234044293
1i9m,8,207,2,2,0,0,11,14,1,0,1,5,0,19,73,112,-11.71555295
1i9l,10,225,3,1,0,0,20,24,0,0,0,5,0,16,55,144,-11.71555295
1i9o,9,230,2,1,0,0,16,16,0,0,0,5,0,22,53,148,-11.63265989
1i9n,10,210,3,1,0,0,19,20,0,0,0,5,0,13,45,143,-11.96423214
1i9q,10,230,3,1,0,0,20,17,0,0,0,5,0,21,53,146,-11.61884438
1i9p,8,187,3,1,0,0,19,12,0,0,0,5,0,14,43,119,-11.61884438
1wm1,3,147,1,2,1,0,17,14,0,0,0,3,2,72,0,60,-8.703771652
1hnn,6,199,2,1,9,0,1,30,2,1,0,2,2,95,38,62,-8.620878588
1hi5,11,200,0,6,0,17,7,9,0,0,0,9,5,29,95,63,-5.581466265
1a94,23,518,10,7,0,48,48,31,0,0,0,29,2,0,171,274,-10.84517579
1ikt,3,236,0,1,15,0,0,43,0,0,0,13,0,183,41,0,-4.69727359
1c70,8,425,4,2,0,13,50,53,0,0,0,14,2,0,98,272,-14.22997587
2mas,17,250,3,2,0,0,9,14,1,0,1,6,3,52,16,190,-10.38926394
1dmp,10,397,2,6,0,7,51,50,0,0,0,12,2,0,125,224,-13.19381258
2h4n,6,145,2,1,0,1,10,4,0,0,0,3,1,11,51,78,-12.01949419
1oe8,16,207,3,6,12,17,4,8,0,0,0,11,4,38,26,126,-7.626161828
1mq5,3,248,0,1,0,46,27,50,3,1,0,6,0,0,86,92,-12.4339595
1m5w,15,214,1,8,0,8,12,6,0,0,0,7,4,16,102,91,-5.899223008
1wvj,17,280,2,7,6,30,3,24,1,0,0,4,2,79,123,56,-9.297838606
1gah,23,374,11,5,0,0,57,33,0,0,0,22,1,59,42,239,-16.57861267
1t32,7,302,0,3,2,15,14,47,1,2,0,7,2,25,55,198,-10.25110883
1ui0,8,124,1,2,0,7,20,9,0,1,0,0,0,8,54,43,-9.753750454
1t31,8,291,0,5,0,18,24,42,1,1,0,7,3,0,66,191,-11.93660112
1wvc,17,327,1,10,0,6,66,13,0,0,0,11,10,50,27,195,-6.161717709
1tng,5,112,2,0,0,7,37,8,0,0,0,2,1,0,14,59,-4.047944594
1tnl,7,123,4,0,0,7,49,8,0,0,0,2,1,1,10,63,-2.597315985
1rej,10,334,2,3,0,34,26,35,0,0,0,7,2,0,216,68,-11.46687376
1rek,10,441,3,3,1,37,25,50,0,0,0,12,2,28,281,79,-9.256392074
1tnk,7,126,3,0,0,11,49,11,0,0,0,4,1,2,12,59,-2.058511073
1igj,3,207,1,0,0,0,16,25,0,0,0,7,0,0,114,80,-13.81551056
1c87,16,217,0,11,10,1,6,18,0,1,0,3,2,51,16,149,-5.802514434
1gu1,16,204,4,6,0,4,23,10,0,0,0,4,0,5,53,135,-6.244610772
2ivu,3,308,0,1,0,22,6,34,0,0,0,6,0,8,256,19,-8.883373289
1utn,6,118,3,0,0,4,46,13,0,0,0,2,1,0,11,63,-4.821613185
1gi8,14,231,5,2,0,14,62,18,1,0,1,4,0,0,37,132,-6.976832832
2cht,13,205,1,8,10,12,1,15,0,0,0,3,3,31,114,50,-7.626161828
1njj,16,186,5,0,0,2,0,11,0,0,0,15,2,0,78,122,-2.901257217
2f35,16,238,3,8,13,23,3,17,1,0,0,7,1,68,117,30,-7.460375701
1kll,5,172,2,0,0,0,0,25,2,2,0,8,1,34,142,1,-7.18406549
1utl,4,121,3,0,0,6,40,11,0,0,0,4,1,0,13,66,-3.412431108
1a7x,7,314,2,3,0,0,39,43,0,0,0,14,0,13,83,186,-13.40104524
1utm,6,113,3,0,0,5,34,7,0,0,0,3,1,0,12,68,-4.158468678
1fm9,4,400,0,3,21,2,2,72,0,1,1,12,2,278,62,39,-12.4339595
5abp,19,226,5,4,0,0,3,12,0,0,0,6,0,78,3,161,-9.173499011
1b8n,15,361,5,2,0,40,11,25,0,0,1,6,0,42,110,173,-14.53391711
1qan,17,351,4,5,1,17,50,21,0,0,0,11,0,53,73,174,-6.18934873
1qft,8,163,4,0,0,0,0,17,0,0,0,3,3,0,85,86,-12.11620276
1o2h,11,294,6,0,0,15,86,25,0,0,0,6,0,3,24,177,-9.90572107
1b8y,6,198,0,1,5,15,28,26,3,1,0,6,4,58,25,73,-10.84517579
1sqt,8,220,4,0,0,18,59,13,0,0,0,5,0,0,25,126,-8.565616546
2fw6,18,221,0,11,3,8,32,8,0,0,0,6,2,26,19,151,-4.034129083
1ws5,7,154,3,2,0,18,16,18,0,0,0,6,0,0,75,52,-4.186099699
1eld,7,267,3,1,0,39,21,21,0,0,0,9,0,0,98,116,-9.256392074
1ele,9,294,3,1,0,49,19,15,0,0,0,8,0,0,113,122,-9.463624732
1elc,5,209,0,0,0,8,32,28,0,0,0,14,1,0,49,125,-9.201130032
5yas,4,176,2,1,0,6,2,0,0,0,0,4,0,4,71,97,-4.503856442
1ws4,8,137,2,1,0,16,13,15,0,0,0,6,0,0,65,51,-4.144653167
2dw7,14,171,1,4,0,0,0,4,0,0,0,5,7,0,116,69,-6.493289962
1br6,12,302,4,5,10,27,5,22,0,2,0,6,1,126,106,40,-4.4485944
1tx7,9,198,4,2,0,13,66,14,0,0,0,3,1,0,31,97,-6.355134857
1sqo,8,206,5,0,0,16,56,11,0,0,0,4,0,0,26,116,-10.30637088
1sqn,2,192,0,1,10,0,3,28,0,0,0,1,0,156,0,25,-12.98657992
1elr,17,261,2,10,3,0,0,27,0,0,0,22,3,275,0,0,-6.852493237
2fpz,5,164,3,1,0,14,63,14,0,0,0,1,0,5,16,71,-5.470942181
1n3i,11,276,5,3,1,35,0,24,0,0,1,5,0,41,99,111,-12.28198889
1hmr,6,186,0,4,2,6,0,23,0,0,0,16,2,32,114,38,-9.049159416
1hms,5,186,0,4,0,6,5,23,0,0,0,15,2,33,106,41,-8.800480225
1hmt,5,199,0,4,1,8,1,24,0,0,0,16,2,33,123,38,-7.999180613
1g1d,8,220,3,1,0,0,20,20,0,0,0,5,0,20,54,134,-13.04184197
1fjs,11,285,3,3,0,8,66,35,1,0,1,11,0,7,23,192,-13.76024852
1ppc,15,269,5,2,0,50,53,29,0,0,0,10,0,0,71,110,-8.510354504
1ce5,7,175,4,0,0,10,64,19,0,0,0,2,0,0,30,78,-6.548552005
1v1j,15,210,3,6,0,4,22,10,0,0,0,4,0,8,48,143,-6.659076089
1o3d,9,270,5,0,0,14,81,30,1,0,1,5,0,1,25,158,-9.850459028
1l83,0,103,0,0,6,0,0,24,0,0,0,0,0,91,0,6,-4.69727359
1yds,5,235,2,1,0,11,14,27,0,0,0,5,2,0,137,78,-8.17878225
1tsl,4,125,1,0,0,10,7,21,0,1,1,4,0,70,14,28,-8.496538993
1o3j,13,246,3,0,0,12,72,24,0,0,0,4,0,0,31,144,-9.353100648
2byr,1,245,0,1,0,2,18,51,0,0,0,12,0,0,113,113,-11.81226153
1okl,8,175,1,2,0,0,9,16,1,0,0,3,0,8,89,77,-8.330752867
2c97,12,207,1,7,0,16,27,12,0,2,0,6,1,49,20,107,-8.482723483
2c94,19,404,4,8,4,34,34,31,0,4,0,15,1,109,48,194,-9.422178201
2c92,21,397,4,10,2,36,41,26,0,4,0,16,1,90,55,194,-7.847209997
1fcy,8,302,0,3,20,6,5,48,0,0,1,3,1,222,26,31,-11.770815
1y1z,0,14,0,0,0,0,0,4,0,0,0,2,0,7,6,1,-4.255177252
1f5l,11,249,4,0,0,55,55,12,0,0,0,3,1,0,103,47,-7.294589575
1yid,21,285,3,8,9,34,6,11,1,0,0,11,7,54,75,128,-6.907755279
1o30,15,262,5,1,0,13,65,16,1,0,1,9,0,0,30,169,-9.353100648
1o33,11,236,3,0,0,13,72,19,0,0,1,4,0,0,31,131,-7.93010306
1m2x,6,84,0,1,0,0,5,15,0,0,0,4,3,1,0,84,-5.733436882
1owh,12,225,5,1,0,17,52,19,0,0,0,7,1,0,34,134,-10.22347781
1i5r,14,529,2,6,0,3,79,54,0,0,0,18,0,120,20,321,-11.770815
1owe,9,215,4,1,0,15,55,26,1,0,0,4,0,0,30,124,-8.565616546
1o38,11,277,3,0,0,14,82,35,1,0,1,8,0,1,27,164,-9.422178201
1m2p,2,229,0,2,0,4,11,33,0,0,0,3,0,2,122,92,-8.441276951
1m2r,8,304,1,1,0,25,4,30,0,0,0,4,0,0,261,22,-8.92481982
1fj4,2,153,0,2,1,8,19,28,0,0,0,3,0,6,26,95,-6.341319346
1njc,13,239,3,8,2,9,0,7,0,0,0,6,4,19,112,110,-7.66760836
6tim,14,208,2,8,0,30,26,4,0,0,0,6,1,0,66,100,-4.434778889
1pot,13,251,5,0,0,1,26,38,4,0,0,9,4,22,112,103,-7.584715296
1grp,14,135,0,8,0,0,0,1,0,0,0,6,8,52,54,43,-5.139369928
1njd,17,255,3,10,1,9,0,6,0,0,0,5,4,19,95,148,-7.695239381
1k22,3,97,1,1,0,0,37,3,0,0,0,9,1,0,0,63,-11.60502887
1ceb,10,118,2,5,0,0,1,18,0,0,0,3,4,0,57,70,-8.289306335
1cea,8,131,2,3,0,0,0,22,0,0,0,6,3,0,74,65,-6.852493237
1k21,13,265,5,3,0,57,55,20,0,0,0,11,1,0,75,91,-11.57739785
1utj,6,110,3,0,0,2,46,11,0,0,0,2,1,0,11,57,-5.305156054
4er1,9,335,4,2,0,3,49,42,0,0,0,22,0,0,122,170,-9.145867989
2f7p,14,185,3,0,0,0,6,22,0,0,0,7,3,7,1,185,-9.118236968
1erb,3,217,0,0,0,7,9,41,0,0,0,6,0,0,126,78,-11.19056355
1jfh,6,162,3,1,0,0,19,10,0,0,0,12,0,0,0,149,-2.832179664
1adl,3,174,0,2,4,0,8,28,0,0,0,14,1,41,99,25,-7.405113659
1izh,16,414,6,3,0,35,55,42,0,0,0,21,0,0,155,185,-10.63794313
1mu8,5,285,2,1,0,61,21,45,0,0,0,8,0,0,81,127,-12.4339595
1r6n,4,207,0,3,0,0,16,36,0,2,0,5,0,64,0,131,-10.22347781
2bza,6,117,3,0,0,2,48,13,0,0,0,2,1,0,12,61,-3.868342956
1ucn,16,282,2,7,0,2,10,28,0,4,0,9,2,103,39,144,-7.211696511
1xd0,19,383,7,4,0,0,25,17,0,0,0,28,2,33,67,277,-9.836643517
1c4u,8,305,4,1,0,14,58,29,0,0,0,9,0,0,27,214,-14.32668445
2f7o,12,181,4,0,0,0,4,21,0,0,0,5,3,7,0,182,-10.27873986
1mu6,4,268,2,1,0,49,21,40,0,1,0,8,0,0,70,132,-11.57739785
1ghy,19,264,4,0,0,12,68,26,0,1,0,4,0,0,37,166,-11.19056355
1ghz,9,237,4,0,0,12,70,19,0,0,0,4,0,0,31,133,-6.631445068
1hvr,7,425,2,2,0,11,43,57,0,0,0,10,0,0,139,239,-13.13855054
1mrx,6,336,3,1,0,11,54,35,0,0,0,10,0,0,111,166,-10.03006067
2iuz,3,207,0,3,0,0,5,51,0,11,0,3,0,5,59,141,-7.66760836
1mrw,7,337,3,1,0,15,50,31,0,0,0,10,0,0,116,163,-13.40104524
1pme,3,255,0,2,0,26,2,27,0,0,0,4,0,1,187,42,-12.98657992
1ghv,10,223,3,1,0,10,60,25,1,3,0,4,0,0,39,124,-6.009747093
1ghw,9,236,3,0,0,35,45,31,0,1,0,4,0,0,58,107,-5.802514434
1mrn,17,453,2,8,11,2,4,42,2,2,0,20,8,267,42,144,-6.244610772
1nvs,3,267,1,1,0,18,13,27,0,0,0,2,0,1,183,55,-10.80372926
2bqv,8,400,1,4,0,24,37,44,0,0,0,15,0,0,121,226,-11.121486
1hvi,12,444,4,2,0,24,59,57,2,0,0,21,0,0,106,267,-15.08653753
1hvh,10,386,5,1,0,25,37,44,0,0,0,15,0,0,144,190,-10.9971464
1hvk,14,458,6,2,0,23,61,53,2,0,0,21,0,0,111,277,-15.14179957
1hvj,11,426,4,2,0,21,67,66,1,0,0,20,0,0,87,262,-15.74968204
1hvl,12,412,6,2,0,20,54,51,2,0,0,21,0,0,87,263,-13.74643301
1h22,10,285,2,3,10,9,37,55,4,2,0,13,0,62,4,173,-12.57211461
1oar,2,250,0,1,0,0,1,60,0,9,0,3,0,0,236,15,-10.22347781
1hvs,12,431,5,3,0,28,71,55,1,0,0,21,0,0,109,235,-14.22997587
1pbk,9,260,3,3,0,0,33,24,0,0,0,9,0,10,89,137,-12.50303706
2gst,19,362,4,7,5,17,11,38,0,0,1,13,3,78,86,184,-8.386014909
2gsu,13,267,3,3,2,0,14,24,0,2,2,7,4,90,25,149,-4.95976829
220l,0,92,0,0,1,0,0,23,0,0,0,0,0,91,0,0,-4.69727359
1owd,9,242,4,1,0,19,55,27,1,1,0,5,1,0,37,140,-11.32871866
1vjj,15,282,2,7,0,37,2,9,0,0,0,9,5,0,185,73,-7.971549592
1d3d,1,296,1,0,0,28,28,70,2,0,1,10,1,0,78,163,-12.5582991
2j7h,20,185,7,2,0,0,0,16,4,0,0,9,5,0,92,113,-9.933352091
1qbn,12,285,6,2,0,10,83,32,0,0,0,9,0,0,29,175,-8.082073676
1qbo,11,293,6,0,0,11,100,37,0,0,0,8,0,0,35,158,-10.69320517
1vjc,12,290,3,2,10,25,27,18,0,0,0,11,4,50,43,147,-4.94595278
2iko,9,257,4,0,0,0,31,24,0,0,0,7,2,0,90,145,-7.529453254
1vja,19,322,7,2,0,23,91,19,1,0,0,15,0,0,47,180,-10.63794313
2j7f,9,218,5,5,0,2,0,14,0,1,0,6,0,0,112,113,-8.772849204
1vjd,22,370,2,6,13,38,36,13,0,0,0,11,4,79,72,154,-4.890690738
1w6y,6,152,1,1,2,0,0,16,0,0,0,1,0,40,116,0,-7.405113659
2bq7,1,182,0,1,0,23,25,35,2,0,0,6,0,0,60,75,-9.739934943
1sc8,14,301,5,3,0,31,86,14,0,0,0,13,0,0,53,145,-10.27873986
1d3p,3,324,2,0,0,29,29,80,2,1,1,12,0,0,83,186,-10.2096623
1usn,8,187,1,2,0,24,3,28,1,1,0,5,0,24,76,68,-10.69320517
1h2t,20,538,5,9,0,14,28,58,0,4,0,18,1,3,151,362,-10.90043783
1qbr,12,454,4,6,0,33,48,57,0,0,0,14,0,0,183,202,-14.60299466
1qbs,10,391,3,5,0,22,47,57,0,0,0,14,0,0,141,191,-13.0832885
1qbt,16,526,5,6,0,39,51,63,0,0,0,14,0,0,244,208,-14.67207221
1qbu,8,359,3,4,0,17,41,48,0,0,0,12,0,0,130,179,-14.14708281
1qbv,6,261,2,1,0,73,16,42,0,0,0,9,0,0,76,102,-7.446560191
1g2o,11,292,4,2,0,42,0,23,0,0,1,5,0,51,110,100,-14.57536364
1lpg,6,313,3,0,0,12,75,61,4,1,0,11,0,0,73,159,-9.795196986
1gz3,12,322,0,8,3,10,49,12,0,0,0,11,1,10,44,218,-5.111738906
1y2f,5,173,1,0,0,0,2,35,0,2,0,7,2,0,119,57,-6.797231195
1qin,15,332,2,10,0,0,13,35,0,0,0,14,5,14,207,113,-11.05240845
1lpk,13,326,5,0,0,12,91,39,0,1,1,11,0,0,33,203,-10.43071047
1meu,10,366,2,5,0,18,36,38,0,0,0,14,0,0,141,181,-8.42746144
1li2,2,141,1,0,9,0,0,23,0,0,0,1,0,131,0,3,-5.581466265
1kdk,5,195,2,2,0,17,5,29,0,0,0,1,0,0,119,59,-12.50303706
1li6,2,106,1,0,8,0,0,17,0,0,0,0,0,98,0,2,-5.249894012
1gz9,18,267,5,4,0,5,22,15,0,0,0,16,0,0,39,219,-4.849244206
1bv9,14,469,4,6,0,44,46,55,0,0,0,14,0,0,176,217,-12.37869746
1aj6,2,263,2,0,16,0,2,22,2,2,0,12,0,95,16,136,-8.17878225
1lpz,7,258,3,0,0,11,61,50,0,2,2,7,0,0,37,156,-10.49978802
1mrs,16,312,1,5,24,2,3,26,0,2,0,8,3,178,28,93,-5.470942181
1bv7,12,466,4,7,0,43,48,58,0,0,0,14,0,0,175,212,-12.84842482
1epo,17,333,6,2,0,2,58,31,0,0,0,17,0,11,118,161,-10.9971464
1qiw,5,234,2,0,23,0,4,44,0,0,2,19,1,188,16,8,-10.69320517
2f8g,11,334,3,4,0,22,47,24,0,0,0,14,0,0,115,161,-12.01949419
1os5,2,227,0,2,3,0,10,39,0,1,0,10,0,92,0,124,-9.463624732
1lf2,7,351,3,3,0,4,49,46,0,0,0,15,0,0,112,193,-10.38926394
2euk,10,398,4,4,6,0,1,67,0,0,0,45,0,313,0,88,-9.118236968
1lf9,21,343,5,5,0,0,39,34,0,0,0,22,1,69,53,203,-16.57861267
1vj9,18,357,6,2,0,32,85,21,0,0,0,17,0,0,66,192,-10.43071047
1v2j,9,171,3,0,0,28,42,18,0,0,0,2,0,0,43,67,-4.490040931
1wei,9,151,4,2,0,0,0,4,0,0,0,1,1,121,0,39,-12.4339595
2j79,14,204,3,3,0,0,0,13,0,0,0,6,0,0,102,116,-8.234044293
1nvr,4,278,2,1,0,17,23,32,0,0,0,4,1,2,168,72,-11.20437906
1cin,9,202,2,1,0,0,13,5,1,0,1,3,0,13,74,111,-12.06094072
1cim,12,192,4,1,0,0,31,4,0,0,0,3,0,5,53,115,-12.18528031
1cil,8,200,2,0,0,1,7,10,1,0,1,4,1,9,90,101,-13.02802646
1zpa,6,327,2,3,0,24,37,29,0,0,0,19,0,0,90,182,-11.60502887
1dif,13,457,6,2,0,21,63,49,1,0,0,21,0,0,129,257,-14.72733425
2h5a,18,236,1,9,4,6,17,6,0,0,0,5,1,18,99,110,-7.045910385
1y20,11,170,3,5,3,20,2,19,1,0,0,2,2,42,78,36,-7.349851617
2j75,14,176,6,3,0,0,0,10,2,0,0,5,2,0,66,124,-9.187314521
1gzc,10,185,3,2,0,5,11,11,0,0,0,12,0,0,34,145,-4.821613185
1qb1,11,272,4,2,0,12,74,35,0,0,2,10,0,0,28,169,-9.353100648
1n8v,2,145,1,0,8,0,6,18,0,0,0,12,0,107,0,26,-8.330752867
1oss,5,157,3,0,0,10,59,15,0,0,0,2,0,0,21,72,-6.617629557
1fq5,17,416,3,5,0,14,54,38,0,0,0,11,0,0,137,228,-11.60502887
1j01,11,217,2,4,0,0,0,15,0,0,0,6,0,0,58,170,-8.938635331
1ec9,16,295,3,7,0,8,19,7,0,0,0,8,6,17,119,148,-4.282808273
1we2,6,160,0,4,0,0,22,6,0,0,0,4,2,84,0,60,-6.023562603
1jmf,13,245,1,8,0,9,9,7,0,0,0,5,4,3,58,179,-7.971549592
1jmg,16,227,1,9,5,5,0,5,0,0,0,5,4,9,96,128,-8.386014909
1uxb,5,138,2,1,0,0,15,13,0,0,0,16,1,0,83,45,-2.97033477
1uxa,6,131,2,1,0,0,16,11,0,0,0,16,1,0,73,48,-3.177567428
1jmi,19,248,1,9,1,9,0,5,0,0,0,5,4,15,87,155,-8.372199398
1b6k,13,335,6,2,0,21,35,37,0,0,0,14,2,0,132,160,-12.07475623
1b6j,12,411,6,3,0,32,51,33,0,0,0,14,2,0,158,182,-10.94188436
1ugx,13,210,3,2,0,21,18,20,0,0,0,12,0,0,103,81,-8.16496674
1jzs,9,255,2,2,4,34,11,26,0,0,0,20,1,58,81,76,-9.118236968
1t7j,12,358,3,4,0,21,42,30,0,0,0,14,0,0,119,188,-12.01949419
1b6m,11,314,4,1,0,16,36,40,0,0,0,12,2,0,105,168,-11.60502887
1ofz,6,114,2,3,0,0,0,12,0,0,0,4,0,0,120,0,-6.382765878
2bt9,9,139,1,4,0,2,7,9,0,0,0,4,0,0,116,23,-8.551801035
1ct8,11,275,1,7,0,3,22,43,1,2,2,13,0,0,129,132,-9.007712884
1a4w,8,334,5,1,0,60,25,39,0,0,0,13,2,0,100,157,-8.17878225
1hih,9,314,5,2,0,13,56,25,0,0,0,16,2,0,78,176,-11.121486
2arm,4,153,1,1,2,0,30,20,1,0,0,6,0,61,0,64,-11.23201008
2bvd,14,224,8,4,0,0,0,18,0,0,0,10,2,0,106,132,-8.289306335
1a99,7,177,5,0,0,8,13,23,3,0,0,5,2,18,106,39,-7.874841018
1sgu,9,345,3,2,0,11,32,50,0,0,0,14,2,0,108,203,-7.41892917
2j34,3,198,0,2,0,39,25,41,0,0,0,5,0,0,68,69,-10.80372926
1msn,7,357,4,1,0,16,54,37,0,0,0,11,0,0,128,166,-12.5582991
1sgx,16,321,2,6,0,36,7,11,1,0,0,7,3,0,189,105,-8.012996124
2aac,10,157,2,3,0,0,17,17,0,0,0,4,0,0,131,19,-3.067043344
1h1h,20,234,0,12,1,5,12,3,0,0,0,8,4,87,42,107,-7.211696511
2j4i,1,228,1,2,0,41,34,47,0,0,0,10,0,0,68,86,-12.4339595
1e4h,0,119,0,0,0,0,0,7,0,0,0,1,0,0,119,0,-11.61884438
1efy,4,198,1,3,2,15,0,29,0,3,0,3,0,102,76,7,-11.35634968
1h1p,4,227,2,1,0,42,3,18,0,0,0,4,0,0,178,8,-6.797231195
1h1s,5,280,3,2,0,35,4,30,0,0,0,7,1,15,191,40,-11.35634968
1g46,8,203,3,1,0,0,19,23,0,0,0,5,0,10,47,135,-12.15764929
1gcz,5,236,1,1,0,17,10,37,0,0,1,4,0,0,98,116,-7.087356916
1xhy,14,184,0,9,10,12,7,23,0,0,0,4,3,63,59,47,-8.537985525
1c84,16,231,1,8,13,0,15,19,0,1,0,3,3,63,13,143,-6.907755279
1c86,17,218,0,11,10,1,6,17,0,1,0,3,2,52,15,151,-6.493289962
1d6v,4,236,2,2,0,9,0,63,1,2,0,8,0,0,176,55,-8.524170014
5er2,20,445,4,5,0,21,66,36,0,0,0,30,0,0,144,234,-9.076790437
1c83,18,237,1,12,10,1,7,22,0,0,0,3,2,55,15,167,-6.700522621
2ans,2,183,0,2,0,0,0,21,2,0,1,3,1,30,108,47,-8.17878225
1pfu,7,130,2,1,4,25,0,10,0,0,0,5,1,16,73,19,-3.757818872
1eix,20,360,2,12,0,12,11,15,0,0,0,7,2,27,143,187,-15.27995468
1tvo,7,277,3,2,0,26,2,29,0,0,0,3,0,4,228,24,-9.463624732
1pa9,10,195,0,5,9,0,10,10,0,0,0,4,1,35,6,145,-6.355134857
1o0n,10,215,1,6,0,28,0,6,0,0,0,6,4,44,118,35,-5.650543818
1o0o,13,191,0,7,0,11,0,6,1,2,0,8,5,50,73,70,-7.045910385
1z3t,15,224,4,4,0,0,14,11,0,0,0,12,0,0,37,188,-5.44331116
1z3v,18,236,4,6,0,0,14,13,0,0,0,12,0,0,35,205,-5.678174839
1o0f,15,232,3,9,0,7,0,15,1,1,0,8,5,45,124,71,-7.322220596
1ezq,9,310,4,0,0,5,89,55,1,2,0,12,0,0,26,199,-12.50303706
1kmy,5,195,1,1,0,0,0,33,2,1,1,3,0,0,163,37,-7.045910385
2j47,14,228,6,2,0,0,13,24,0,0,2,7,0,0,50,179,-7.474191212
2a31,10,194,5,1,0,14,57,12,0,0,0,4,1,0,28,105,-1.395366566
1h6h,18,273,1,10,11,2,19,13,0,0,0,20,4,122,35,102,-7.322220596
1hi3,11,221,0,6,0,10,2,15,2,2,0,8,5,30,86,104,-5.788698924
2h6b,11,196,1,5,1,4,8,23,0,0,0,3,1,61,52,81,-7.446560191
2fxu,8,320,2,5,12,16,10,47,0,0,0,20,0,120,112,58,-11.2596411
2fxv,16,346,2,8,15,33,8,29,0,2,0,7,0,39,163,104,-7.391298149
1xzx,13,308,1,7,30,15,7,23,0,0,0,7,2,209,45,15,-14.11945179
2ff1,10,209,2,2,0,0,10,29,1,3,0,5,1,85,16,108,-11.34253417
1rd4,1,260,0,0,2,3,6,39,0,1,1,7,0,89,155,6,-10.69320517
1lee,5,316,2,3,0,13,29,35,0,0,0,15,0,0,147,132,-10.69320517
1j4r,3,236,0,2,0,0,23,41,0,0,0,16,0,11,78,127,-10.66557415
2hdr,3,96,1,1,0,0,16,7,0,0,1,3,1,0,27,56,-2.376267816
1zsr,13,385,7,4,0,37,38,39,0,0,0,22,3,0,161,162,-13.56683137
1sw2,3,90,0,3,0,4,0,22,4,0,0,2,3,14,40,35,-9.974798623
1afl,20,266,3,7,1,7,1,12,0,1,0,10,5,77,112,88,-8.67614063
1zsf,15,415,5,4,0,43,38,41,0,0,0,22,3,0,182,167,-13.70498647
7abp,18,198,4,4,0,0,1,14,0,0,0,4,0,64,3,148,-8.92481982
1afk,18,288,1,8,2,6,4,14,1,1,0,10,7,104,98,92,-9.145867989
1gvx,22,452,8,4,0,23,62,41,0,0,1,30,3,0,158,231,-9.974798623
1nc3,14,319,5,3,0,28,24,21,0,0,0,6,0,50,94,137,-6.907755279
1bzy,20,398,3,7,12,14,49,27,1,1,0,7,1,53,115,175,-11.52213581
2fx6,8,157,1,1,0,28,33,16,0,0,0,1,0,0,35,69,-5.111738906
1gvw,11,354,4,3,0,5,62,34,0,0,0,19,0,0,114,184,-9.615595348
1dud,13,207,1,11,18,28,0,10,0,0,0,7,2,50,105,19,-6.659076089
1c1v,15,304,5,0,0,26,64,23,0,0,0,7,0,0,49,180,-10.55505007
1c1u,10,282,3,0,0,16,73,34,0,0,0,4,0,0,33,170,-11.39779621
1c1r,12,268,5,0,0,18,77,29,0,0,0,4,0,0,34,151,-10.54123456
1bq4,31,268,0,17,1,0,11,6,1,0,0,6,13,148,73,66,-7.211696511
1bzh,19,305,1,12,15,2,22,20,0,1,0,16,4,65,21,199,-9.353100648
1r1j,10,226,2,5,1,10,0,33,1,0,1,9,2,111,28,86,-11.93660112
1r1h,11,291,2,4,3,15,0,33,2,0,2,10,6,163,39,82,-12.32343542
1bzc,21,309,1,11,14,2,25,34,0,2,0,8,2,63,17,209,-6.797231195
1af6,21,233,5,6,0,0,1,15,0,0,0,13,0,0,135,118,-2.514422922
3aid,1,77,0,1,0,15,11,15,0,0,0,12,0,0,9,43,-9.477440243
1rdt,7,271,0,5,11,2,3,43,0,0,0,3,1,223,14,25,-9.256392074
1dl7,5,155,0,2,0,0,16,35,4,1,0,7,1,0,44,100,-8.966266352
1drk,23,199,4,7,0,0,0,17,0,0,0,4,0,85,45,92,-9.422178201
1drj,21,211,4,7,0,0,0,17,0,0,0,4,0,86,50,96,-10.22347781
2bmz,10,141,2,4,0,31,13,9,0,0,0,10,0,0,78,29,-5.111738906
1bcd,9,162,0,1,0,3,10,4,0,0,0,2,0,0,105,53,-12.01949419
1jak,8,197,4,3,0,0,0,25,1,0,0,5,1,0,39,166,-7.695239381
1jao,8,210,2,3,3,3,36,30,1,1,0,8,0,56,32,88,-8.17878225
2j7d,17,213,4,4,0,0,0,15,0,1,0,8,0,1,118,111,-9.850459028
1rdi,7,78,0,2,0,2,6,3,0,0,0,4,0,0,41,36,-2.845995175
1u1w,12,224,1,7,10,6,20,16,0,0,0,3,2,39,84,77,-8.082073676
1rdj,7,71,0,1,0,2,6,4,0,0,0,4,0,0,43,27,-2.293374753
1rdl,7,75,1,1,0,3,6,4,0,0,0,6,0,0,41,32,-3.094674365
1rdn,5,87,1,0,0,4,6,6,0,0,0,6,0,0,45,37,-2.542053943
2c80,17,261,3,9,3,16,5,23,0,0,0,16,5,63,45,146,-7.363667127
3gst,18,342,4,7,5,18,11,39,0,0,1,13,3,88,91,147,-9.284023095
1e1x,6,257,2,1,0,12,22,16,0,0,0,6,0,6,193,30,-8.137335719
1d5r,21,202,1,10,9,2,27,1,0,0,0,5,3,88,14,83,-2.514422922
1wht,9,153,0,8,4,3,16,24,0,2,0,5,2,18,22,99,-5.111738906
1fwv,7,161,3,5,0,0,26,5,0,0,0,17,0,0,24,118,-5.139369928
1duv,27,400,7,12,15,0,36,11,0,0,0,10,4,169,51,156,-16.30230246
2aj8,4,186,1,3,6,1,0,30,0,1,1,3,2,36,0,147,-8.565616546
1xge,11,119,0,4,0,8,9,6,0,0,0,1,3,0,36,77,-6.465658941
1w8l,1,77,0,1,0,2,5,12,0,0,0,0,0,0,57,14,-0.676960017
1w8m,4,90,0,2,0,2,8,12,0,0,0,3,0,0,70,14,-2.210481689
2j7b,14,199,4,5,0,0,0,7,0,1,0,5,0,0,87,126,-9.145867989
1rql,5,108,0,4,0,5,11,12,0,0,0,1,3,12,25,60,-3.799265403
1xgi,9,192,0,5,6,40,5,13,0,0,2,5,0,54,31,65,-6.700522621
1tuf,6,140,0,4,0,0,12,15,0,0,0,8,3,36,0,98,-5.595281776
1d2e,21,345,2,12,34,2,26,17,1,0,0,9,1,168,30,106,-8.289306335
1fpc,8,289,3,1,0,30,35,44,0,0,0,10,1,0,84,148,-9.670857391
1w5v,11,481,5,3,0,17,57,49,0,0,0,17,0,0,139,279,-11.2596411
1kjr,14,262,5,4,0,2,0,15,1,0,0,14,0,0,266,8,-8.372199398
1z1r,11,347,5,2,0,16,46,22,1,0,0,11,0,0,122,174,-12.73790073
1ejn,9,295,5,3,0,49,73,19,0,0,0,4,1,0,65,117,-7.764316934
1mmr,14,237,3,2,7,8,39,22,0,0,0,8,2,57,72,68,-7.460375701
1oif,12,144,5,2,0,0,0,10,2,0,0,4,2,0,53,103,-10.66557415
1rzx,14,290,3,10,1,37,13,29,0,0,0,26,3,91,128,34,-5.664359329
1ps3,14,192,8,1,0,0,14,15,0,0,0,5,0,8,0,184,-3.149936407
1ur9,12,303,3,5,0,1,24,30,0,0,0,14,0,9,148,133,-7.971549592
6abp,13,195,3,4,0,0,0,9,0,0,0,4,0,69,9,130,-8.786664715
1lzq,14,411,4,5,0,43,52,48,1,0,0,21,0,0,129,201,-11.59121336
2b07,13,267,0,8,12,1,18,22,0,0,0,9,3,65,17,167,-8.883373289
1pzp,0,182,0,0,26,0,1,30,0,0,0,6,0,98,39,18,-4.572933995
1fiv,15,502,7,5,0,43,53,53,2,0,0,23,0,0,162,259,-9.104421458
1ohr,7,291,3,1,0,8,38,33,0,0,0,12,2,0,97,155,-12.01949419
1pzo,1,182,0,2,0,21,2,20,1,0,0,5,0,24,113,23,-4.586749505
1pzi,14,199,3,6,0,0,22,20,0,0,0,10,0,12,51,128,-5.830145456
1srg,10,237,0,6,0,2,22,37,0,0,1,4,0,0,156,67,-7.322220596
1qbq,9,175,0,6,0,0,0,17,0,0,0,9,4,88,26,70,-11.46687376
1sri,9,263,1,5,0,3,11,48,0,2,2,4,0,0,185,73,-8.399830419
1bhf,16,330,1,12,0,28,14,29,1,0,0,20,6,65,175,64,-6.051193624
1uj6,15,201,2,9,10,11,30,7,0,0,0,9,2,66,34,65,-4.21373072
1aaq,15,342,6,4,0,27,42,28,0,0,0,19,2,0,125,163,-11.60502887
1g2l,12,288,4,1,0,22,61,47,0,1,2,13,0,0,19,198,-10.00242964
1urg,12,204,4,3,0,0,0,16,0,0,0,12,0,24,23,169,-8.040627145
1g2k,7,398,2,3,0,15,46,39,0,0,0,13,0,0,138,206,-10.9971464
1syi,19,282,4,7,7,27,4,25,1,0,0,4,2,74,124,65,-7.515637744
1kav,15,264,0,9,11,1,23,31,0,1,0,7,1,51,15,178,-8.040627145
2hs2,9,325,4,5,0,22,50,21,0,0,0,14,0,0,98,164,-11.48068927
2hs1,11,329,3,4,0,28,39,25,0,0,0,14,0,0,113,160,-11.71555295
1v0k,10,173,2,3,0,0,0,7,1,0,0,7,2,0,59,124,-7.045910385
1o0m,12,224,1,8,0,30,0,7,0,0,0,6,4,48,125,33,-7.114987937
1imx,3,118,1,1,2,0,19,20,0,0,0,34,0,56,0,44,-4.863059716
1hlk,7,227,0,4,0,1,18,27,2,0,2,4,5,6,31,178,-6.907755279
2sim,16,247,4,8,0,0,5,12,0,0,0,9,3,0,114,144,-4.724904611
1yei,9,254,1,5,0,2,25,49,0,3,0,9,0,0,167,69,-10.30637088
1f4x,13,182,3,3,0,20,18,15,0,0,0,9,0,0,106,51,-7.722870402
2c1p,3,186,1,2,0,12,8,23,0,0,1,6,0,0,154,15,-7.460375701
2f1g,3,219,2,0,0,7,51,23,1,2,0,10,0,18,16,130,-10.41689496
2i0a,10,338,3,3,0,14,44,35,0,0,0,15,0,0,123,167,-15.74968204
2i0g,3,223,2,0,14,0,0,18,0,0,1,3,0,183,17,12,-13.42867626
1ua4,10,289,1,6,12,4,19,15,0,0,0,7,1,70,94,100,-5.830145456
1dhj,10,332,1,4,3,41,0,27,0,0,0,11,3,152,91,55,-9.049159416
2f81,12,357,4,5,0,21,51,31,0,0,0,14,0,0,114,183,-14.53391711
1vot,7,206,1,1,0,10,17,44,1,2,0,1,1,34,5,147,-9.118236968
1m7y,25,400,3,12,10,4,8,33,1,1,0,13,4,79,43,281,-15.14179957
2il2,8,391,3,3,0,13,44,36,1,0,0,13,2,0,190,152,-9.809012496
1gi9,12,214,5,0,0,12,56,16,0,0,0,5,0,0,28,130,-7.211696511
1rgk,13,197,2,8,0,0,13,10,1,2,0,7,3,0,79,118,-5.954485051
1rgl,14,206,1,7,0,0,19,13,1,3,0,7,3,0,86,115,-6.120271177
1hpo,3,266,2,4,0,21,21,28,0,0,0,7,0,0,74,153,-12.73790073
1gi1,9,239,4,0,0,8,71,26,0,0,0,4,0,0,24,145,-7.557084275
1y2g,0,130,0,0,0,0,2,24,0,2,0,3,0,0,120,8,-5.636728308
1gi7,6,178,3,0,0,2,72,19,0,0,0,4,0,0,6,104,-6.230795262
1gi6,14,226,3,1,0,14,61,22,0,0,0,4,0,0,29,136,-8.593247567
7upj,3,259,1,4,0,17,19,25,1,0,0,7,0,0,75,151,-11.72936846
1gi4,12,240,4,0,0,17,67,25,0,0,0,4,0,0,30,138,-9.933352091
1lkk,24,353,1,15,0,17,14,38,1,0,0,20,6,67,197,82,-9.463624732
1hpv,10,332,3,4,0,14,51,37,0,0,0,14,0,0,114,163,-12.73790073
1w3j,9,155,4,3,0,0,0,8,2,0,0,8,2,0,58,106,-8.731402673
1hps,11,347,4,3,0,14,55,38,0,0,0,18,0,0,86,203,-12.73790073
1qxk,19,346,3,11,11,0,14,38,0,1,0,17,1,131,1,208,-6.976832832
1lah,16,250,6,4,2,20,16,23,1,0,0,6,3,44,83,101,-10.38926394
1ksn,8,287,3,1,0,6,80,46,0,2,0,10,0,0,24,185,-12.98657992
1abf,14,198,4,4,0,0,1,13,0,0,0,4,0,60,4,147,-7.488006722
2br1,2,252,0,2,0,31,9,29,0,0,0,8,0,0,188,26,-7.101172427
1dqx,20,318,2,9,0,14,17,12,0,0,0,7,1,15,114,178,-15.26613917
1amw,12,225,1,5,7,0,13,7,0,0,0,9,2,85,45,87,-6.272241793
1li3,7,151,1,1,16,0,0,30,0,0,0,1,0,139,0,3,-5.871591987
1c5o,7,152,3,0,0,24,36,16,0,0,0,2,0,0,59,40,-4.821613185
1c5n,8,171,3,0,0,31,34,12,0,0,0,2,0,0,61,53,-6.493289962
1k1n,12,247,5,1,0,11,77,20,0,0,0,13,0,0,24,147,-9.422178201
1c5c,7,224,0,6,0,1,4,27,0,1,1,3,2,0,101,125,-9.615595348
1pvn,16,353,3,8,1,14,56,10,0,0,0,7,0,9,81,208,-13.56683137
1v2q,10,214,4,2,0,10,77,19,0,0,0,11,0,0,30,107,-5.70580586
1w96,6,263,1,1,12,8,5,38,0,0,0,6,0,174,51,19,-11.61884438
1izi,15,436,5,3,0,37,59,38,0,0,0,21,0,0,157,198,-9.104421458
1c5z,8,148,4,0,0,14,49,12,0,0,0,2,0,0,26,67,-5.540019734
1c5y,9,173,3,1,0,15,53,10,0,0,0,2,0,0,23,91,-5.802514434
1c5x,9,171,3,0,0,17,47,10,0,0,0,2,0,0,26,90,-9.228761053
2f8i,1,106,0,1,0,8,0,17,0,0,0,2,1,0,99,0,-10.03006067
1dqn,18,285,2,7,7,18,38,13,0,3,1,7,0,31,67,142,-11.05240845
2hb3,11,336,3,4,0,15,50,30,0,0,0,15,0,0,100,182,-15.68060448
1c5s,7,176,3,0,0,11,61,11,0,0,0,2,0,0,27,84,-8.289306335
1v2w,10,245,5,1,0,11,92,22,0,0,0,11,0,0,29,123,-5.540019734
1c5q,9,178,3,0,0,14,60,13,0,0,0,2,0,0,30,83,-8.786664715
1c5p,9,170,4,0,0,12,62,19,0,0,0,2,0,0,28,77,-6.465658941
1c5t,11,188,3,1,0,12,62,12,0,0,0,2,0,0,30,95,-5.664359329
1n4k,27,315,0,20,5,0,14,4,0,0,0,9,10,183,21,119,-13.88458811
1oba,0,44,0,0,0,0,5,15,4,0,0,3,0,0,38,1,-3.370984576
1bgq,8,244,2,1,27,3,0,28,0,0,0,2,0,119,77,26,-11.83989255
1v2t,9,235,5,1,0,11,85,18,0,0,0,11,0,0,28,120,-6.507105473
1tnh,8,125,3,0,0,3,49,13,0,0,0,2,1,0,13,68,-4.655827058
1ecv,13,210,0,11,10,1,6,22,0,1,0,3,2,51,15,140,-6.700522621
2cji,2,204,0,1,0,46,24,42,0,0,0,5,0,0,70,66,-11.35634968
1hyo,13,139,0,6,0,15,7,12,0,0,0,4,4,45,44,41,-5.622912797
1ecq,18,252,2,7,0,8,12,7,0,0,0,8,6,18,107,125,-4.144653167
1hp0,9,196,4,1,0,0,9,24,0,3,0,6,0,82,10,104,-9.256392074
1tnj,6,128,4,0,0,18,45,8,0,0,0,3,1,5,8,58,-2.707840069
1sdt,11,358,3,3,0,17,30,43,0,0,0,14,2,0,113,209,-12.80697829
1sdu,9,353,3,2,0,14,32,43,0,0,0,14,2,0,107,209,-13.91221913
1sdv,10,351,3,2,0,18,35,36,0,0,0,14,2,0,109,199,-12.07475623
9abp,18,223,5,5,0,0,2,9,0,0,0,6,0,85,14,140,-11.05240845
2gvj,2,277,0,1,0,6,11,61,0,2,0,8,0,18,132,112,-13.15236605
7hvp,20,486,9,5,0,61,47,38,0,0,0,28,2,0,209,189,-13.29052116
1q95,27,297,0,20,14,0,4,8,0,0,0,6,11,90,42,174,-10.45834149
1hbv,11,313,5,4,0,16,45,36,0,0,0,15,4,0,92,171,-8.800480225
1xkk,3,428,1,1,0,31,25,56,0,0,1,11,0,30,244,101,-11.770815
1ent,9,355,3,3,0,4,64,35,0,0,0,19,0,0,127,169,-9.615595348
1pyn,21,338,2,12,12,2,24,34,0,0,0,19,2,141,19,161,-7.584715296
1xka,9,261,3,2,0,7,74,38,1,0,0,10,1,20,23,146,-9.505071264
2gvv,6,140,1,3,0,0,2,11,0,0,0,5,0,0,38,106,-5.388049118
1zhy,1,176,2,0,2,0,1,23,0,0,0,6,0,30,61,83,-9.007712884
1g7g,25,361,2,11,11,0,18,40,0,0,0,19,5,68,14,275,-9.118236968
1h9z,1,209,0,0,1,0,12,35,0,0,1,5,0,160,0,37,-7.488006722
1nl9,17,286,2,11,13,1,17,29,0,2,0,12,1,94,12,166,-8.234044293
1xpz,7,205,2,1,0,1,19,17,1,0,1,7,1,18,66,108,-9.781381475
1zp8,10,348,4,3,0,28,37,36,0,0,0,17,0,0,112,181,-12.11620276
1n5r,4,160,0,1,0,0,33,43,0,5,0,9,0,1,0,130,-7.819578976
1g7v,18,340,0,13,0,2,33,10,0,0,0,16,5,26,58,239,-8.841926757
1w3l,22,271,6,6,0,0,22,20,2,0,0,20,2,0,116,155,-8.67614063
1mai,21,251,0,13,0,0,14,5,0,0,0,9,7,0,175,83,-9.228761053
1uv6,0,145,1,0,0,17,10,27,4,0,0,4,0,0,58,60,-7.073541406
1apv,17,276,6,2,0,4,52,17,0,0,0,16,0,1,91,145,-12.4339595
1xk9,3,177,1,2,0,26,1,41,0,3,0,3,0,0,73,80,-9.463624732
1s63,2,81,0,1,0,0,0,17,1,0,4,5,0,75,5,3,-12.50303706
2pcp,0,110,0,0,0,2,12,38,2,0,4,2,0,0,72,24,-12.01949419
2avv,8,336,2,1,0,13,45,39,0,0,0,14,2,0,94,192,-12.79316278
2avq,26,467,8,5,0,54,57,40,0,0,0,30,2,0,183,199,-6.065009135
1y3n,20,288,3,6,6,0,0,16,0,0,0,9,2,127,143,32,-7.66760836
2avs,8,383,4,4,0,20,30,49,0,0,0,14,2,0,114,227,-10.45834149
1kel,10,234,0,9,0,0,8,44,1,2,0,10,4,0,167,69,-10.05769169
4tmk,28,613,2,16,36,3,35,46,0,1,0,20,10,387,73,107,-10.63794313
1v2k,0,235,0,0,0,44,31,58,0,1,1,4,0,0,67,93,-8.551801035
2avo,6,350,4,2,0,19,25,44,0,0,0,14,2,0,103,209,-12.22672684
1y3p,35,484,4,14,9,2,2,20,0,0,0,19,5,175,141,190,-6.659076089
1nz7,23,322,2,16,13,1,23,26,0,1,0,19,3,125,11,172,-9.836643517
1o2o,13,264,5,0,0,17,67,24,0,0,0,7,0,0,38,155,-8.786664715
1qpb,4,80,1,1,0,0,11,4,0,0,0,1,0,25,0,48,-1.878909436
1xk5,13,319,2,7,0,41,5,21,1,3,0,18,2,0,211,75,-8.289306335
2gv7,17,352,8,2,0,12,113,25,0,0,0,12,1,0,27,217,-10.84517579
1g85,3,77,0,0,0,3,0,6,0,0,0,6,0,0,70,7,-7.570899786
1iiq,15,437,6,3,0,38,47,43,0,0,0,22,2,0,180,187,-10.3340019
2avm,24,458,7,5,0,49,62,27,0,0,0,30,2,0,171,200,-7.874841018
1hpx,4,313,2,1,0,9,54,30,0,0,0,15,0,0,85,169,-15.55626489
2c4v,21,215,1,11,0,6,15,8,0,0,0,6,7,0,56,159,-3.592032745
2aoe,16,442,9,4,0,44,64,35,0,0,0,30,4,0,147,203,-10.52741905
1fl3,2,245,0,1,0,0,28,56,0,2,1,7,0,0,126,93,-9.394547179
1v2n,12,306,5,1,0,41,59,36,0,1,1,6,0,0,111,107,-8.151151229
5tmp,23,659,1,16,33,7,34,38,0,1,0,20,11,456,64,88,-10.32018639
1i7z,1,183,0,1,0,2,15,32,1,0,0,5,0,0,88,79,-8.841926757
1apb,14,207,3,4,0,0,0,15,0,0,0,4,0,70,1,150,-8.040627145
1f0s,2,200,1,0,0,50,19,37,0,2,2,5,0,0,83,50,-10.69320517
1v2l,6,156,3,0,0,9,55,13,0,0,0,2,0,0,34,64,-5.926854029
1nli,8,182,3,3,1,14,18,19,0,2,0,1,0,88,62,7,-4.95976829
1f0t,13,254,5,2,0,13,83,28,0,2,0,8,0,0,27,144,-8.289306335
1aj7,8,228,0,7,0,2,20,27,1,1,0,8,3,0,173,41,-5.346602586
1b55,34,369,0,15,0,6,12,3,0,0,0,10,8,0,227,158,-10.22347781
1r0x,18,277,1,11,30,2,36,7,0,0,0,11,5,152,13,62,-5.291340544
1cnx,11,225,3,2,10,0,11,11,0,0,0,12,1,63,59,93,-10.18203128
1cny,6,225,3,0,1,1,13,13,1,0,1,16,1,45,76,95,-10.84517579
2fgi,6,346,1,2,0,24,10,45,1,0,0,13,1,25,246,47,-10.14058475
1cnw,7,212,3,1,0,0,20,12,0,0,0,14,0,24,48,127,-10.66557415
1r0p,5,286,1,2,0,21,16,39,0,0,0,5,0,0,171,83,-11.05240845
1ai7,4,118,0,0,0,15,0,22,0,0,0,1,0,21,54,32,-5.650543818
2eum,19,323,3,4,3,0,0,29,0,0,0,38,1,249,0,90,-9.256392074
1byk,28,380,5,11,8,10,10,11,0,0,0,13,1,130,106,144,-6.907755279
2fgu,11,391,3,2,0,16,44,39,0,0,0,14,2,0,129,213,-12.68263869
2cf9,7,256,3,1,0,44,33,45,0,0,0,8,0,0,87,99,-10.80372926
2cf8,7,263,3,1,0,47,31,42,0,0,0,7,0,0,90,102,-11.19056355
1sr7,5,302,0,1,23,0,2,44,0,0,0,6,0,260,0,22,-13.95366566
1uto,5,134,1,0,0,7,40,13,0,0,0,3,1,0,16,76,-3.136120897
1nq7,5,197,0,4,3,1,9,27,0,0,0,6,2,131,9,49,-9.394547179
1sh9,11,343,3,2,0,22,44,35,0,0,0,19,0,0,111,177,-8.330752867
1q1g,8,266,2,1,0,35,4,22,0,0,1,5,2,18,87,130,-11.83989255
1thz,8,278,1,6,7,0,8,29,0,1,0,6,3,86,11,174,-7.114987937
1q84,13,376,2,5,1,4,32,86,0,11,2,14,0,59,6,287,-15.26613917
1gny,9,215,4,3,0,1,17,15,0,0,0,20,0,0,91,115,-5.719621371
2ihq,3,249,1,1,21,0,1,33,0,0,1,2,0,205,0,25,-11.72936846
1p28,4,69,0,1,0,0,0,5,0,0,0,2,0,69,0,4,-7.488006722
2gv6,14,258,4,2,0,48,52,25,0,0,0,11,0,0,61,111,-10.14058475
1t4v,7,270,3,0,0,42,43,37,0,1,2,10,1,0,84,108,-10.61031211
1udt,3,249,1,1,10,0,2,39,0,2,1,7,0,186,0,54,-12.84842482
1z95,6,339,2,1,35,0,0,30,0,0,0,7,0,282,0,28,-5.94066954
4std,3,251,0,1,4,0,0,39,0,0,2,4,0,98,109,43,-14.27142241
1pkx,21,388,4,15,35,21,48,11,0,0,0,6,2,68,36,201,-9.560333306
1gnn,19,387,7,5,0,32,49,23,0,0,0,20,0,0,144,181,-7.847209997
1gno,20,384,7,6,0,30,54,23,0,0,0,20,0,0,142,178,-10.63794313
1gnm,18,376,8,4,0,28,43,22,0,0,0,20,1,0,153,170,-8.634694099
1q65,8,269,4,0,0,14,15,33,0,2,0,7,1,93,103,52,-7.543268765
1q66,8,326,6,1,0,10,33,46,0,2,0,6,0,98,127,66,-7.971549592
1jyq,32,469,3,17,0,32,41,34,2,1,0,20,4,88,193,147,-12.01949419
1ogx,9,141,1,1,1,0,0,12,0,0,0,1,0,45,104,0,-8.41364593
1q63,12,295,4,2,0,10,20,25,0,1,0,5,0,0,140,137,-8.082073676
1rle,16,325,2,6,0,37,4,12,0,0,0,12,7,0,216,84,-8.012996124
1vwn,10,333,1,8,0,4,3,50,0,1,1,10,0,0,256,80,-8.040627145
1bhx,14,286,5,1,0,56,43,33,0,0,2,9,1,0,90,111,-9.449809222
2jxr,11,362,5,2,0,3,45,35,0,0,0,17,0,0,130,195,-9.739934943
2a5b,10,242,3,3,0,0,0,16,0,2,0,5,0,0,193,59,-5.429495649
2a5c,8,220,3,4,0,0,18,18,0,1,1,5,0,0,138,72,-6.382765878
1fzq,17,332,2,10,32,5,25,12,0,0,0,9,1,89,26,172,-10.52741905
1aid,2,194,1,0,0,2,4,27,0,0,0,7,2,0,123,67,-6.659076089
1e2k,10,261,4,3,0,0,2,39,0,1,0,4,0,172,28,69,-6.824862216
1egh,16,181,0,11,9,8,12,3,0,0,0,3,5,89,51,28,-7.874841018
1h0a,30,270,0,13,8,0,7,1,0,0,0,9,9,200,0,85,-7.515637744
1q8w,3,201,1,1,0,15,5,26,0,0,0,2,2,0,148,36,-7.239327532
1q8u,3,219,3,1,0,13,14,25,0,0,0,2,2,0,140,55,-8.234044293
1hxb,10,383,4,1,0,22,49,41,0,0,0,14,2,0,127,195,-13.70498647
1onz,18,249,0,12,12,1,14,18,1,1,0,5,1,85,13,142,-7.045910385
1dzk,0,88,0,0,0,8,0,13,0,0,0,3,0,0,71,9,-8.42746144
1ony,24,311,2,11,13,1,19,28,0,0,0,16,2,102,12,188,-9.353100648
1w4p,13,197,1,9,0,25,0,3,0,0,0,5,4,55,104,26,-6.548552005
1w4q,14,213,1,11,0,35,0,7,0,0,0,5,4,54,110,28,-7.266958554
1nfw,3,202,0,2,0,30,26,42,0,2,2,5,0,2,55,92,-12.37869746
2j7g,16,211,5,6,0,7,0,17,0,1,0,7,0,0,115,105,-9.670857391
1nfu,9,286,2,0,0,45,44,55,0,1,0,7,0,0,95,111,-10.69320517
1lbf,22,378,4,12,0,15,26,21,0,0,0,12,3,5,187,167,-10.84517579
4rsk,12,178,1,6,0,27,0,5,0,0,0,6,3,46,96,21,-5.968300561
1fhd,14,230,2,5,0,0,1,12,0,1,2,7,0,0,50,193,-9.422178201
1z6e,6,309,2,3,0,47,41,55,1,3,1,8,0,0,85,142,-13.42867626
1nfx,2,211,0,1,0,35,21,45,0,3,1,7,0,0,62,95,-11.770815
1z6s,15,241,3,6,0,9,0,15,1,1,0,7,4,45,121,81,-5.995931582
1wcq,15,257,3,6,0,0,0,14,1,0,0,11,5,0,195,77,-8.648509609
1g4o,8,211,3,1,0,0,19,25,0,0,0,5,0,10,53,137,-11.39779621
1g4j,7,218,3,1,0,0,18,14,0,0,0,5,0,15,54,138,-12.01949419
1bp0,16,226,2,9,3,8,0,2,0,0,0,5,3,24,103,104,-7.460375701
2bal,5,238,2,1,0,27,0,16,0,0,0,6,0,11,204,1,-8.717587162
1n1t,20,255,4,9,0,0,0,12,0,0,0,9,3,0,124,151,-5.318971565
1m9n,21,398,4,13,33,24,48,12,1,0,0,6,2,68,40,206,-9.560333306
1uz8,12,240,4,6,0,0,38,21,0,0,0,16,0,0,102,112,-6.852493237
1f3e,17,237,3,1,0,12,16,35,0,2,0,2,0,74,101,51,-9.256392074
4fiv,14,476,6,4,0,44,42,47,2,0,0,21,0,0,144,260,-9.007712884
1uz4,12,180,4,4,0,0,0,18,0,0,0,4,0,0,51,141,-4.69727359
1nh0,12,469,5,6,0,35,57,36,0,0,0,23,1,0,166,223,-13.45630728
1mes,10,356,2,4,0,14,49,36,0,0,0,14,0,0,99,204,-10.63794313
1g3b,15,273,4,0,0,19,82,26,0,0,0,6,2,0,34,153,-7.93010306
1g3e,11,211,4,0,0,16,59,23,0,0,0,6,0,1,28,118,-7.43274468
1g3d,15,214,5,0,0,14,69,23,0,0,0,6,1,0,32,114,-7.66760836
1szd,17,384,2,8,6,6,50,15,0,0,0,15,1,24,29,286,-6.272241793
2g00,8,308,4,2,0,39,52,50,0,2,3,7,1,0,68,157,-13.45630728
5std,4,262,0,1,0,0,0,47,2,1,2,5,0,59,105,102,-14.49247058
1mjj,6,267,1,6,0,0,9,43,0,1,0,14,3,0,167,97,-12.07475623
1g36,10,264,4,0,0,38,48,35,0,0,2,7,0,0,82,106,-9.90572107
1k4h,11,278,3,2,0,11,14,36,0,2,0,6,0,76,122,66,-7.059725895
1pro,6,387,2,4,0,20,41,44,0,0,0,13,0,0,123,209,-15.61152693
1n1m,7,147,3,2,5,0,0,17,0,0,0,3,3,65,2,82,-7.874841018
1lor,22,339,3,10,0,14,11,9,0,0,0,7,1,18,132,186,-15.27995468
1kyv,14,317,4,4,0,35,11,38,1,5,0,9,0,84,63,138,-8.17878225
2bjm,2,113,1,0,0,0,0,27,0,7,2,1,0,0,99,16,-5.111738906
1g48,7,157,1,1,0,0,11,9,0,0,0,5,0,17,45,91,-11.61884438
1g45,8,217,3,1,0,0,20,25,0,0,0,5,0,10,53,142,-11.93660112
1lox,5,188,0,1,3,0,6,31,0,0,0,9,3,99,0,85,-7.626161828
2cbv,9,187,3,3,0,0,0,9,2,0,0,4,2,0,71,125,-7.570899786
1nf8,11,229,1,7,7,0,10,34,0,0,0,5,3,64,35,124,-10.80372926
1fao,28,340,0,14,0,0,20,2,0,0,0,10,8,0,222,126,-10.18203128
2h4g,13,210,1,8,12,1,14,20,0,0,1,6,3,57,14,125,-9.007712884
1tni,6,96,3,0,0,7,38,5,0,0,0,5,1,2,10,45,-5.526204223
1iih,9,205,0,6,0,22,22,7,0,0,0,5,3,0,73,97,-3.992682551
2ypi,15,162,0,9,0,16,19,3,0,0,0,3,3,0,44,98,-6.659076089
1hos,5,325,3,3,0,20,37,39,0,0,0,20,0,0,93,180,-11.81226153
1me8,14,262,2,9,0,11,50,3,0,0,0,7,0,0,74,141,-9.933352091
1f0r,4,215,2,0,0,7,70,37,0,2,1,6,0,0,25,117,-10.58268109
1pr1,12,230,3,5,0,35,3,14,0,0,0,5,0,22,92,90,-7.322220596
1rbo,33,335,1,15,8,6,16,2,0,0,0,12,8,14,146,178,-17.57332943
1tq4,19,362,2,10,39,4,27,12,1,0,0,9,3,175,22,114,-8.551801035
1joc,15,143,0,7,0,15,0,1,0,0,0,8,4,0,105,38,-6.382765878
1a1c,13,257,1,11,0,27,16,28,2,0,0,15,2,57,126,44,-8.841926757
1me7,15,270,2,8,0,13,48,6,0,0,0,7,0,0,82,142,-9.933352091
1dfo,19,396,5,7,0,1,37,31,0,1,0,11,2,11,74,292,-9.256392074
1tcw,6,199,2,3,0,22,16,20,0,0,0,15,0,0,83,84,-8.316937356
1xbb,3,297,1,2,0,29,8,39,0,0,0,7,0,29,185,49,-7.322220596
2bpy,8,362,4,1,0,18,42,35,0,0,0,14,2,0,101,209,-10.22347781
1zky,6,179,1,1,5,0,0,19,0,0,1,4,0,155,0,25,-8.634694099
1m0o,17,285,0,9,15,0,16,22,0,0,0,8,3,28,32,211,-3.191382939
1i80,7,167,3,2,0,33,0,21,0,0,0,0,0,11,68,62,-8.855742268
1rbp,3,233,0,0,0,3,4,38,0,0,0,6,0,0,201,28,-9.284023095
1g30,7,319,3,1,0,40,42,53,0,0,2,13,0,0,99,145,-9.463624732
1no6,15,243,0,11,11,1,15,24,1,0,0,4,2,79,11,141,-6.092640156
1g32,6,290,3,0,0,36,37,46,0,0,2,7,1,0,78,145,-8.441276951
1g35,9,383,2,6,0,16,52,39,0,0,0,16,0,0,112,212,-11.24582559
2hb1,14,187,0,8,12,1,15,13,0,0,0,4,2,55,12,106,-5.249894012
1tcx,5,337,4,1,0,12,49,41,0,0,0,15,0,0,94,187,-9.601779838
1ciz,5,226,0,1,5,11,27,35,4,2,0,8,5,57,58,73,-10.27873986
456c,10,256,2,1,15,17,24,36,2,0,0,7,1,95,37,78,-13.49775382
1gjd,13,260,5,1,0,39,49,23,1,0,1,5,0,0,45,140,-7.211696511
1gjb,12,245,4,2,0,14,60,23,2,0,1,5,0,0,38,145,-8.772849204
1gjc,11,232,3,1,0,14,59,22,1,0,2,5,0,0,32,138,-8.772849204
1ajv,5,341,2,2,0,12,42,39,0,0,0,12,0,0,99,193,-10.66557415
1gja,18,262,6,2,0,13,72,22,1,0,1,5,0,28,27,140,-7.488006722
1ajx,3,321,2,2,0,9,30,47,0,0,0,12,0,0,108,177,-10.92806885
1rp7,17,331,1,10,1,6,37,22,0,1,1,9,6,56,61,187,-11.770815
1rpj,19,244,6,7,0,1,1,16,0,0,0,6,0,91,97,73,-8.952450842
1ody,17,400,6,4,0,54,45,40,0,0,0,21,0,0,134,184,-11.19056355
1fv0,4,240,1,1,6,0,36,22,0,0,0,4,0,102,0,100,-8.192597761
1zoh,0,138,0,0,0,6,0,12,0,0,0,0,0,0,125,7,-9.670857391
2fkf,18,160,1,9,0,5,10,2,0,0,0,8,4,1,36,126,-4.034129083
1xap,6,229,0,3,13,3,5,44,0,0,1,3,1,173,24,17,-12.01949419
2csn,3,185,0,1,0,10,12,23,0,0,0,5,1,10,97,59,-6.092640156
1ydk,13,229,3,7,7,16,4,12,0,0,0,16,5,58,31,126,-8.137335719
1ajn,5,162,0,3,0,10,0,17,0,1,1,3,0,19,76,62,-3.633479277
1zog,0,139,0,0,0,2,0,10,0,0,0,1,0,0,137,0,-9.878090049
1mmq,12,237,4,2,4,20,41,23,0,0,0,7,1,55,68,61,-10.38926394
1p1n,14,193,0,10,11,13,10,26,1,0,0,4,3,69,51,53,-9.394547179
1p1o,16,283,2,7,8,26,4,17,0,0,0,4,2,89,108,64,-7.957734081
2aod,19,491,8,5,0,44,60,32,0,0,0,30,2,0,181,225,-7.819578976
1uho,8,294,2,1,10,0,5,47,2,0,1,8,0,207,0,80,-12.73790073
1hxw,9,403,4,2,0,20,63,47,1,0,0,19,0,0,86,243,-14.94838242
1w7g,15,328,7,1,0,67,40,22,1,0,0,13,3,0,105,131,-7.045910385
1ocq,21,223,5,6,0,0,22,10,2,0,0,10,2,0,109,113,-7.17024998
1sb1,3,261,1,1,0,28,42,36,0,0,0,10,0,0,50,144,-9.518886774
1h46,0,160,0,0,0,0,6,34,1,4,0,6,0,0,42,112,-4.932137269
7std,3,198,0,1,4,0,0,47,0,0,1,4,0,55,52,90,-14.81022732
1sld,9,349,2,6,0,11,1,46,0,1,1,9,0,0,270,76,-9.076790437
1sle,9,314,0,5,0,2,10,34,0,0,1,7,0,0,212,99,-8.524170014
2cbu,12,186,4,3,0,0,0,20,1,0,0,4,3,0,70,128,-7.847209997
1d4p,6,260,3,0,0,14,61,34,0,0,0,5,0,0,49,142,-8.703771652
1e6q,16,200,3,4,0,0,0,16,0,1,0,5,0,0,100,116,-4.351885826
1e6s,15,206,5,6,0,0,0,11,0,0,0,6,0,14,86,121,-4.4485944
1od8,10,197,2,4,0,0,0,9,0,0,0,6,0,0,64,143,-7.045910385
1d4y,8,345,2,5,0,18,30,31,0,0,0,13,0,0,96,209,-15.33521672
1ai4,8,148,0,2,0,5,0,16,0,1,1,4,0,19,75,57,-3.45387764
1gj6,10,284,4,0,0,42,49,33,1,0,0,5,0,1,62,140,-9.670857391
1gj7,8,251,3,0,0,29,43,23,1,0,1,5,0,0,42,145,-10.90043783
1gj4,11,287,3,0,0,42,38,34,2,0,1,5,0,0,62,156,-5.622912797
1a1e,13,244,1,11,0,26,13,25,2,0,0,14,2,53,123,42,-8.289306335
1gaf,6,218,0,6,0,3,21,39,0,1,0,8,2,0,92,108,-11.05240845
1ro7,34,507,4,18,0,0,95,34,0,1,1,18,0,19,42,385,-4.393332357
1gai,21,365,10,4,0,0,52,31,0,0,0,22,1,63,34,237,-11.05240845
1d4l,12,339,4,3,0,30,36,27,0,0,0,11,0,0,126,159,-12.11620276
1d4k,10,374,5,2,0,23,37,44,0,0,0,13,2,0,125,199,-12.73790073
1gj8,11,233,3,1,0,10,72,24,0,0,0,7,0,0,28,134,-9.615595348
1dy4,5,176,4,1,0,0,2,26,2,4,0,7,3,0,86,93,-6.023562603
1bdq,6,275,5,1,0,10,27,30,0,0,0,15,0,0,102,142,-8.759033694
1a8i,16,264,5,3,10,0,38,6,0,0,0,5,0,40,36,156,-7.626161828
1lyb,13,338,4,3,0,11,53,27,0,0,0,24,0,0,118,169,-15.77731306
1vwl,11,326,3,4,0,7,18,33,0,0,1,13,0,0,255,57,-7.778132444
1ado,10,105,0,8,0,8,20,1,0,0,0,5,0,4,25,58,-8.289306335
1lyx,10,172,0,8,0,16,22,5,0,0,0,3,3,0,39,105,-6.272241793
1p19,11,231,2,7,13,14,25,7,0,2,0,6,0,34,104,52,-5.678174839
1y0l,5,210,0,3,0,1,2,45,0,5,0,6,1,0,177,35,-12.4339595
1fdq,4,212,0,2,4,1,3,33,0,0,0,14,2,41,115,52,-10.04387618
1s38,6,194,3,0,2,8,5,22,0,0,0,1,0,43,99,43,-7.114987937
1qca,9,175,1,3,0,1,2,26,0,0,0,8,1,25,57,99,-7.280774064
2fgv,10,354,3,2,0,18,31,30,0,0,0,14,2,0,150,165,-8.455092462
1gt1,1,142,0,0,0,0,0,20,1,2,1,1,0,0,125,18,-8.289306335
2fvd,9,325,1,1,0,12,25,27,0,0,0,7,0,23,209,65,-11.770815
1tys,20,275,2,12,4,11,0,7,0,0,0,5,4,22,101,157,-7.584715296
1m48,6,262,3,1,16,19,5,30,0,0,1,9,1,134,58,36,-7.032094874
1lrt,20,334,4,9,0,14,45,16,1,4,0,16,2,42,45,208,-7.791947955
1o2w,12,247,4,1,0,13,69,22,0,0,0,8,0,0,28,149,-8.082073676
1lke,7,238,2,2,0,20,0,40,0,1,0,4,0,38,187,0,-10.38926394
1qy1,1,118,0,1,0,0,4,19,0,0,1,3,0,0,102,13,-9.007712884
1lkl,23,321,1,15,0,17,14,28,1,0,0,18,6,59,184,70,-8.026811634
1qy2,1,93,0,1,0,0,2,10,0,0,0,2,0,0,78,14,-7.93010306
1qy5,8,226,2,4,9,1,8,15,0,0,0,6,0,82,87,47,-9.256392074
1uwf,19,226,4,5,0,5,20,8,0,0,0,9,0,0,115,105,-9.422178201
2ewa,3,255,0,1,0,19,11,40,0,1,0,4,0,9,170,49,-10.96951538
1f0u,12,282,5,0,0,9,99,37,0,1,0,12,0,0,31,155,-9.89190556
1met,12,393,3,3,0,17,48,50,0,0,1,14,0,0,136,204,-12.98657992
1alw,3,113,0,1,0,0,0,19,0,0,0,4,3,108,0,8,-9.007712884
2f5t,26,375,7,8,8,34,29,16,0,0,0,12,0,107,93,130,-7.142618959
1uwu,17,212,3,5,0,0,0,17,3,0,0,6,3,2,106,121,-8.261675314
1jlr,27,394,1,14,6,6,24,18,0,2,0,11,8,133,152,100,-4.600565016
1msm,6,396,4,1,0,15,57,42,0,0,0,11,0,0,156,174,-14.47865506
2i3i,9,228,4,3,0,49,7,30,0,0,0,6,2,47,103,31,-10.08532271
2f2h,16,344,4,9,0,0,3,22,0,0,0,12,0,0,108,249,-7.874841018
3kiv,9,131,3,3,0,0,0,20,2,0,0,6,4,0,84,56,-6.493289962
2erz,6,238,2,2,0,18,4,22,0,0,0,2,2,0,167,55,-7.819578976
1ppl,10,289,2,4,0,2,41,20,0,0,0,18,0,15,96,145,-11.81226153
1ppk,10,252,2,3,0,4,37,18,0,0,0,16,0,2,84,135,-10.58268109
1db1,12,269,3,3,5,0,2,33,0,0,0,9,0,190,25,59,-12.79316278
2fqw,12,235,3,3,0,0,6,30,0,4,0,5,0,80,24,137,-9.228761053
2i80,3,183,1,0,0,7,35,17,0,0,0,4,0,30,45,69,-7.460375701
1if8,9,229,2,1,0,0,15,22,0,0,0,7,0,22,65,136,-13.31815218
1r9l,5,102,0,3,9,0,2,16,2,0,0,2,1,40,16,40,-7.460375701
1tom,10,230,4,1,0,9,64,31,0,0,0,8,1,0,13,154,-11.46687376
2hf8,20,415,4,11,49,5,32,6,1,0,0,12,8,185,32,132,-7.557084275
1hsh,10,372,3,4,0,18,33,49,0,0,0,14,2,0,117,214,-13.01421095
1pph,11,241,6,0,0,13,82,17,0,0,0,8,0,1,25,131,-8.17878225
11gs,15,341,3,8,9,20,19,32,0,1,0,19,4,106,70,132,-8.040627145
1r4w,13,259,3,5,0,19,6,13,0,0,0,11,5,97,53,97,-5.595281776
1uw6,1,111,0,1,0,15,7,27,2,0,0,1,0,0,55,35,-10.14058475
1e3v,4,139,1,2,2,0,0,22,0,0,0,6,0,67,69,5,-5.995931582
1px4,8,165,2,0,0,0,2,18,0,0,0,7,0,0,36,135,-4.46240991
3jdw,14,172,4,5,9,0,31,5,0,0,0,6,3,9,0,137,-4.973583801
2gh7,9,234,2,6,0,1,7,29,0,0,0,5,0,0,170,65,-17.96016373
2cex,14,200,4,6,0,5,10,17,0,0,0,9,2,11,92,96,-6.493289962
1g98,23,269,1,14,0,6,46,2,0,0,0,9,2,76,15,149,-7.874841018
1y6r,13,313,6,2,0,26,25,28,0,0,0,6,0,54,86,135,-13.96748117
1o2s,12,211,4,1,0,13,60,18,0,0,0,4,0,0,30,120,-7.557084275
2ces,18,212,4,5,0,0,0,20,0,1,0,5,0,0,88,142,-10.01624515
1mtr,11,343,6,1,0,17,38,49,0,0,0,12,2,0,123,176,-11.60502887
1uj5,14,269,4,8,16,14,41,8,0,0,0,9,2,79,46,87,-4.21373072
2d1n,18,400,8,1,11,19,64,26,1,0,0,20,1,73,58,193,-11.2596411
1vkj,22,450,1,12,22,13,44,21,0,2,0,8,5,116,92,185,-6.700522621
1xh9,9,423,5,4,0,29,25,52,1,1,0,8,2,29,237,112,-10.7346517
1siv,14,365,7,5,0,27,38,28,0,0,0,19,2,0,107,207,-11.16293253
2fwp,18,227,0,11,4,8,31,8,0,0,0,6,2,28,22,152,-4.034129083
1jqe,0,161,0,0,3,0,4,46,2,4,0,9,1,102,0,52,-8.897188799
1sw1,3,112,0,3,0,6,0,32,4,0,0,1,3,14,58,37,-10.08532271
1jqy,15,284,3,6,1,0,35,30,0,1,0,13,0,15,79,169,-6.797231195
2boh,0,221,0,1,0,33,37,45,3,0,0,6,0,0,70,81,-11.770815
1w5y,12,489,7,3,0,16,58,46,0,0,0,17,0,0,135,292,-11.71555295
1w5x,13,499,5,3,0,18,62,45,0,0,0,17,0,0,139,293,-11.60502887
1w5w,13,503,5,3,0,15,54,46,0,0,0,17,0,0,138,309,-12.15764929
1ulg,9,128,3,1,0,0,0,8,0,0,0,12,0,0,136,1,-5.816329945
2f34,14,240,3,6,14,24,4,17,1,0,0,7,2,72,115,25,-9.518886774
1n46,12,332,3,4,26,2,8,36,0,0,0,5,0,257,30,21,-14.53391711
1agm,26,351,10,3,0,0,54,26,0,0,0,22,1,53,38,232,-16.57861267
1pxp,2,279,1,1,0,31,3,41,0,0,0,4,0,8,235,4,-9.201130032
1moq,22,229,3,10,8,8,50,2,0,0,0,7,1,54,14,117,-4.780166653
2aqu,6,331,5,2,0,31,44,47,0,0,0,19,2,0,91,171,-12.87605584
2b4l,5,113,0,3,9,0,2,29,6,0,0,2,2,34,25,48,-6.589998536
1ydr,5,222,1,1,0,15,13,29,0,0,0,2,1,0,139,60,-7.626161828
1c4v,9,313,4,1,0,20,49,49,0,0,0,9,0,0,55,198,-14.9207514
1ow4,4,211,0,1,4,0,0,29,0,0,0,3,2,203,0,8,-7.847209997
2bfr,12,339,1,8,6,6,59,13,0,0,0,9,0,62,32,186,-7.253143043
1pxn,5,298,3,2,0,5,28,37,0,0,0,5,0,17,163,90,-9.878090049
2j7e,12,223,5,3,0,0,0,19,0,1,0,8,0,6,112,117,-10.11295373
2bfq,20,464,3,8,6,21,68,30,0,0,0,15,0,76,59,254,-9.518886774
1o3k,11,259,5,0,0,17,76,26,0,0,0,4,0,0,31,146,-9.353100648
1heg,15,319,7,3,0,29,42,20,0,0,0,16,2,0,98,165,-10.69320517
1v2s,8,172,4,0,0,35,43,17,0,0,0,2,0,0,46,56,-5.761067903
1a4r,21,350,3,10,25,2,29,13,0,0,2,10,1,185,8,122,-9.201130032
1k1m,11,264,6,0,0,13,85,23,0,1,0,8,0,1,23,153,-10.22347781
1k1l,11,234,5,1,0,15,78,17,0,0,0,8,0,0,23,129,-9.532702285
1pb8,13,187,4,6,2,19,2,13,1,0,0,4,2,35,92,50,-7.114987937
1k1j,11,254,5,0,0,13,79,21,0,0,0,10,0,1,26,146,-10.43071047
1k1i,13,274,5,3,0,13,84,26,0,0,0,9,1,1,22,167,-9.090605947
1o2q,10,269,4,2,0,20,64,28,0,0,1,6,0,0,50,145,-10.61031211
1q91,9,241,0,5,2,1,14,34,1,1,2,3,2,48,6,179,-5.733436882
2bo4,12,199,0,9,20,0,8,9,0,0,0,6,4,61,0,122,-6.368950367
2c3j,9,277,6,1,0,21,16,17,0,0,0,1,0,0,194,55,-8.537985525
2c3l,3,204,1,1,0,33,3,21,0,0,0,1,0,0,164,7,-7.004463853
1o2x,14,247,4,1,0,12,72,19,0,0,0,8,0,0,30,147,-8.082073676
1fkh,4,187,0,2,0,0,14,35,0,0,0,10,0,10,66,101,-11.2596411
1o2g,8,293,4,0,0,13,67,44,1,1,0,5,0,0,52,169,-8.455092462
1z1h,6,272,3,1,0,12,35,26,0,0,0,10,0,0,92,139,-11.60502887
1swr,12,247,2,7,0,1,8,25,0,0,0,5,1,0,154,96,-9.560333306
1k1y,17,335,6,2,8,1,5,21,0,0,0,22,2,71,100,167,-4.4485944
1o2n,9,273,4,0,0,20,68,33,0,0,0,5,0,0,35,159,-8.41364593
1mfi,6,221,1,2,0,23,0,35,0,0,1,3,1,0,136,68,-7.722870402
1koj,26,321,3,13,0,6,59,2,0,0,0,10,2,87,14,181,-9.256392074
1o2j,11,241,4,1,0,14,59,24,0,0,1,7,0,0,30,149,-9.560333306
1o2k,12,279,5,1,0,15,82,22,0,0,0,7,0,2,25,167,-9.560333306
1fkf,9,286,2,2,0,1,22,41,0,0,0,10,0,12,91,169,-12.98657992
1fkg,3,187,0,2,0,0,13,32,0,0,0,10,0,13,63,101,-11.05240845
2fzz,6,268,2,1,0,35,41,36,0,3,3,8,0,0,71,127,-14.53391711
2dri,22,210,4,7,0,1,0,19,0,0,0,4,0,86,49,96,-9.518886774
2h4k,11,194,0,7,12,1,15,21,0,0,0,5,2,55,5,117,-7.584715296
1m1b,10,153,0,6,8,2,4,4,0,0,0,3,5,22,66,61,-6.43802792
1bwa,12,433,4,5,0,38,39,48,0,0,0,14,0,0,174,194,-10.49978802
1bwb,12,510,4,6,0,41,40,50,1,0,0,14,0,0,237,204,-11.63265989
1xbo,13,335,1,9,7,1,14,31,0,0,0,11,1,138,15,173,-8.344568377
2fzk,20,309,0,11,14,2,8,6,1,0,0,7,6,174,25,106,-4.973583801
1gyy,5,144,0,3,0,8,9,31,0,1,1,3,1,9,42,81,-5.028845843
1gyx,7,108,0,4,0,9,1,18,0,1,1,1,1,3,60,42,-3.426246618
1n4h,4,189,0,4,4,1,8,23,0,0,0,5,2,123,7,50,-9.049159416
1qsc,17,320,5,8,0,13,48,19,0,0,0,24,1,0,80,196,-5.084107885
1kzk,9,414,4,1,0,16,62,44,0,0,0,11,0,0,145,200,-14.35431547
1ydd,8,192,2,1,0,0,19,9,2,0,0,3,1,11,80,90,-9.767565965
2fzg,25,287,2,12,24,2,23,6,1,0,0,6,3,88,34,141,-4.669642569
8abp,14,237,4,4,0,1,4,13,0,0,0,6,0,80,22,144,-11.05240845
1gpn,5,172,0,1,1,7,14,28,1,0,0,0,1,73,3,79,-8.952450842
1nw4,13,253,2,4,0,36,6,16,0,0,1,5,1,19,87,118,-12.53066808
1nw7,11,262,4,4,3,10,35,17,0,0,1,11,1,15,54,156,-7.032094874
1bxq,11,350,3,4,0,3,44,24,0,0,0,19,0,0,121,193,-10.19584679
1add,10,270,2,2,0,8,7,28,2,2,0,6,0,90,49,126,-9.311654116
1lgw,9,167,1,0,7,0,0,19,0,0,0,1,0,162,0,7,-5.526204223
1lgt,5,203,1,2,0,0,2,37,1,1,0,3,0,0,170,36,-8.42746144
1v0l,8,158,2,3,0,0,0,7,3,0,0,6,2,0,50,116,-10.43071047
2f6t,10,227,1,7,11,1,11,27,0,0,0,5,1,57,14,143,-6.382765878
1x8j,0,126,0,0,1,0,4,12,0,0,0,1,0,51,12,58,-9.615595348
1x8d,7,143,1,4,0,0,0,2,0,0,0,4,0,104,44,2,-3.053227833
1oyq,12,302,5,2,0,16,86,45,0,0,0,13,0,0,26,186,-9.615595348
1c3x,9,205,3,1,0,53,3,14,0,0,0,1,0,0,67,91,-5.084107885
1m13,4,283,1,2,5,0,0,66,0,0,0,12,0,247,24,11,-10.45834149
1oyt,9,245,3,1,0,36,33,30,0,0,0,5,0,0,67,118,-10.00242964
2bys,2,238,0,0,0,19,13,56,3,0,1,7,0,0,128,80,-13.15236605
1xq0,6,198,2,1,0,0,11,12,1,1,0,7,0,15,94,84,-8.759033694
1x8t,28,398,0,21,18,0,6,15,0,0,0,8,9,339,0,63,-10.77609824
1x8r,33,408,0,23,21,0,7,10,0,0,0,8,11,237,0,176,-8.455092462
1o3i,13,253,4,0,0,12,73,24,0,0,1,4,0,0,31,150,-10.08532271
1bap,14,184,4,4,0,0,1,8,0,0,0,4,0,55,2,140,-9.463624732
1uz1,12,185,5,4,0,0,0,12,0,0,0,4,0,0,79,118,-9.518886774
1hwr,3,256,2,2,0,3,40,44,0,0,0,10,0,0,69,147,-11.50832029
1sbg,7,319,4,1,0,11,53,37,0,0,0,15,0,0,71,191,-10.69320517
1t7d,11,266,2,4,0,49,0,25,0,0,0,12,1,0,170,58,-8.330752867
1nwl,8,189,2,3,12,0,17,14,0,0,0,11,0,59,11,98,-3.301907023
1o2z,13,289,5,1,0,14,83,22,1,0,1,10,0,2,24,179,-8.441276951
1x38,15,226,2,4,0,0,8,22,0,1,1,6,0,13,84,136,-12.11620276
1x39,13,257,4,4,0,2,7,25,0,1,1,8,1,15,137,109,-12.73790073
1i00,3,182,0,2,2,0,15,23,0,0,1,9,1,39,16,113,-8.759033694
2hxm,15,232,1,10,10,8,21,24,1,2,1,8,0,36,34,138,-7.211696511
1v2u,8,176,3,0,0,10,69,21,0,0,0,2,0,0,28,77,-4.655827058
2bpv,8,342,5,3,0,18,42,30,0,0,0,14,2,0,94,196,-10.5964966
1jn2,3,129,0,3,0,4,8,6,0,0,0,8,0,0,18,102,-5.650543818
1bai,21,544,9,7,0,26,58,35,0,0,0,29,2,0,142,339,-10.63794313
1tkb,13,331,1,7,0,5,40,38,0,1,0,9,4,45,9,245,-11.05240845
2izl,13,239,4,2,0,3,8,24,0,0,0,6,1,0,176,65,-8.289306335
1jn4,17,380,2,10,0,32,0,26,1,2,0,14,5,47,218,100,-6.838677726
2ez7,4,112,2,1,0,0,13,1,1,0,1,4,0,0,30,73,-6.023562603
1qka,26,549,10,4,2,42,57,35,0,0,0,20,3,108,192,174,-8.17878225
1b51,25,390,7,5,2,36,33,22,0,0,0,18,1,93,142,109,-10.18203128
1ssq,12,106,2,2,0,6,0,3,0,0,0,4,0,0,47,65,-8.289306335
1awi,8,243,1,7,1,0,8,45,0,0,0,10,0,188,9,45,-5.595281776
1b05,27,409,8,5,1,47,38,30,0,0,0,18,1,87,158,105,-9.836643517
4ts1,14,229,3,3,4,18,0,18,0,0,0,5,0,126,60,35,-6.824862216
1b32,29,395,8,5,2,42,27,27,1,0,0,19,1,91,170,92,-9.809012496
2a4m,7,177,2,2,0,22,0,19,0,0,0,4,0,106,56,0,-6.244610772
1b74,8,154,2,4,10,3,18,2,0,0,0,5,0,56,30,45,-1.796016373
1fo0,35,758,8,14,6,0,19,72,0,0,0,32,1,492,172,104,-7.722870402
2i3h,15,288,5,5,0,61,6,21,2,0,0,10,0,43,163,30,-10.22347781
1qaw,9,236,4,4,0,27,33,17,1,0,1,4,0,0,96,89,-7.073541406
1b5j,29,476,9,7,2,46,40,36,0,0,0,19,1,103,193,121,-10.26492434
1wdn,15,234,5,5,5,18,11,16,0,0,0,5,0,29,141,45,-8.703771652
2olb,29,461,12,4,2,46,48,21,0,0,0,21,2,87,146,161,-7.653792849
1laf,21,342,7,4,3,31,18,23,0,0,0,6,1,45,138,128,-10.84517579
1lag,11,212,4,4,3,18,14,16,2,0,0,4,0,45,73,70,-8.703771652
2bsu,21,574,4,10,12,0,0,67,0,0,1,34,0,460,120,3,-7.819578976
1b40,26,453,7,4,3,43,30,44,0,0,2,18,1,105,188,110,-10.05769169
1b3f,24,462,7,6,3,41,38,42,0,0,1,18,2,99,167,138,-9.518886774
1b3g,26,376,7,5,1,39,31,27,0,0,0,18,1,79,153,99,-9.256392074
1fzo,22,488,7,9,1,3,0,51,1,1,0,25,0,347,153,6,-10.90043783
1fzm,30,648,8,11,14,1,0,51,0,0,0,32,1,517,146,0,-10.63794313
1b46,25,371,6,5,1,53,15,29,0,0,0,15,1,72,161,94,-7.294589575
1b3l,23,353,9,4,2,33,38,23,1,0,0,16,1,64,138,101,-8.137335719
1b3h,25,455,8,5,3,46,35,42,1,0,2,18,1,107,174,115,-8.579432057
1b58,27,468,9,5,2,46,37,41,0,0,2,19,1,103,177,130,-9.104421458
1fch,19,398,7,8,27,0,0,20,0,0,0,25,3,390,0,0,-9.878090049
1ii5,12,207,3,7,3,34,2,12,0,0,0,5,0,33,117,30,-9.145867989
1jet,24,387,9,4,2,41,39,28,0,0,0,16,1,79,153,97,-10.01624515
1jeu,27,427,9,7,2,56,29,31,0,0,0,19,2,103,190,74,-9.422178201
1jd5,11,356,6,3,3,68,9,31,1,0,0,26,0,98,144,45,-9.145867989
1b5i,28,454,7,5,2,43,40,25,0,0,0,18,1,105,170,122,-9.739934943
1f2o,6,125,2,0,0,0,13,7,0,0,0,4,0,0,21,97,-2.638762517
1jq8,10,307,2,2,33,0,24,31,0,0,0,19,0,134,0,126,-8.289306335
1f2p,8,139,4,0,0,0,22,10,0,0,0,4,0,3,23,99,-2.624947006
1utc,22,414,4,8,0,15,17,44,0,0,2,25,1,0,222,182,-6.286057304
1jev,30,487,11,4,3,40,47,44,2,0,3,18,1,116,185,126,-9.518886774
