PDB,VINA,GlideSP,HMS,DSX,RFScore,Experimental
11gs,-6.9823,-10.2,-10.05769169,-157.042,-9.05858988297,-8.040627145
1a1c,-5.56902,-8.4,-9.035343905,-122.424,-8.52383249071,-8.841926757
1a1e,-5.66383,-8.21,-9.187314521,-120.361,-8.48821472294,-8.289306335
1a4r,-7.88176,-9.08,-8.206413271,-130.917,-7.45096503603,-9.201130032
1a7x,-12.49152,-13.68,-13.44249177,-230.358,-11.6064893303,-13.40104524
1a94,-8.85884,-14.84,-13.11091952,-284.139,-9.31513112824,-10.84517579
1a99,-3.90726,-7.39,-6.797231195,-47.758,-8.51951609506,-7.874841018
1a9m,-8.26766,-11.46,-10.62412762,-207.676,-9.37099260432,-9.560333306
1aaq,-8.68395,-12.42,-11.59121336,-211.625,-10.2927763092,-11.60502887
1abf,-6.54436,-7.77,-7.957734081,-57.354,-6.25871367601,-7.488006722
1add,-7.77067,-7.4,-8.234044293,-106.105,-9.84077764433,-9.311654116
1ado,-3.9531,-6.53,-6.341319346,-51.411,-5.87449841936,-8.289306335
1af6,-7.25445,-6.31,-8.261675314,-97.028,-7.41433879198,-2.514422922
1afk,-6.39299,-7.78,-8.137335719,-97.85,-8.054086873,-9.145867989
1afl,-5.96615,-7.08,-7.639977339,-104.536,-7.84481208481,-8.67614063
1agm,-8.90498,-8.97,-10.51360353,-186.39,-8.28682831463,-16.57861267
1ai4,-5.62132,-8.43,-7.460375701,-64.693,-7.6336799737,-3.45387764
1ai7,-5.466,-5.85,-7.239327532,-47.551,-5.98047203618,-5.650543818
1aid,-8.63858,-7.32,-10.48597251,-115.028,-9.21351159085,-6.659076089
1aj7,-5.83883,-8.65,-8.261675314,-90.7,-7.32657720984,-5.346602586
1ajn,-6.03654,-8.13,-8.012996124,-69.193,-7.34792599395,-3.633479277
1ajv,-10.77341,-10.08,-12.06094072,-230.322,-13.4921944537,-10.66557415
1ajx,-10.77111,-8.87,-12.42014399,-214.59,-12.2499835421,-10.92806885
1alw,-5.07386,-6.28,-7.18406549,-50.679,-6.42124435933,-9.007712884
1amw,-5.80957,-7.87,-7.570899786,-93.409,-6.83674166432,-6.272241793
1apb,-6.72414,-7.92,-7.888656529,-62.93,-6.16779064319,-8.040627145
1apv,-8.95047,-9.57,-10.83136028,-160.822,-10.1544102599,-12.4339595
1awi,-12.14964,-14.03,-13.38722973,-223.718,-8.95324042994,-5.595281776
1b05,-7.77113,-10,-9.781381475,-179.149,-9.61233926276,-9.836643517
1b32,-8.14331,-11.29,-9.974798623,-188.81,-10.1046943557,-9.809012496
1b3f,-8.28762,-11.7,-9.726119433,-188.664,-9.13148223754,-9.518886774
1b3g,-8.05621,-9.84,-10.14058475,-187.015,-9.7986603543,-9.256392074
1b3h,-9.41984,-11.59,-10.70702068,-208.534,-9.44470994918,-8.579432057
1b3l,-7.01069,-10.55,-8.786664715,-153.009,-8.54135835823,-8.137335719
1b40,-9.40293,-12.17,-10.5964966,-202.997,-9.44511152002,-10.05769169
1b46,-8.13891,-10.62,-9.767565964,-185.333,-9.66694427211,-7.294589575
1b51,-7.39622,-11.34,-9.284023095,-169.693,-7.17024057011,-10.18203128
1b58,-9.83048,-12.6,-11.17674804,-207.91,-8.86934463789,-9.104421458
1b5i,-8.3973,-10.16,-9.643226369,-178.49,-7.54057620178,-9.739934943
1b5j,-9.1477,-11.81,-10.05769169,-182.424,-7.82314273481,-10.26492434
1b74,-4.18437,-5.28,-6.548552004,-54.593,-6.59686848717,-1.796016373
1b8n,-9.70761,-10.24,-9.021528394,-117.787,-10.0818142255,-14.53391711
1b8y,-8.57463,-7.72,-10.00242964,-171.869,-9.86203135999,-10.84517579
1bai,-8.88069,-14.34,-13.12473503,-286.705,-10.2137021411,-10.63794313
1bap,-6.02419,-7.31,-7.501822233,-50.592,-6.16386961379,-9.463624732
1bcd,-4.04829,-2.96,-6.507105473,-38.731,-8.82415601937,-12.01949419
1bdq,-8.56402,-9.03,-11.49450478,-191.949,-10.5154256471,-8.759033694
1bgq,-10.64434,-8.98,-9.463624732,-100.004,-9.1061604485,-11.83989255
1bhf,-6.17836,-11.76,-8.952450842,-152.59,-7.7763909212,-6.051193624
1bhx,-9.2708,-11.87,-10.03006067,-157.574,-10.1865938792,-9.449809222
1bp0,-7.32468,-9.83,-8.358383888,-90.231,-6.91945939296,-7.460375701
1bq4,-8.06808,-12.39,-9.132052479,-68.079,-7.7021157747,-7.211696511
1br6,-7.73005,-8.69,-9.325469627,-103.597,-8.95679473606,-4.4485944
1bv7,-14.14102,-16.94,-15.00364447,-282.36,-11.3664406043,-12.84842482
1bv9,-13.36932,-16.1,-14.68588772,-276.186,-11.3437076422,-12.37869746
1bwa,-13.0746,-16.12,-14.42339302,-280.692,-11.3431034439,-10.49978802
1bwb,-14.87144,-17.68,-15.26613917,-302.379,-10.6497195717,-11.63265989
1bxq,-8.5934,-11.7,-11.75699948,-185.648,-9.00060353845,-10.19584679
1byk,-8.95607,-8.13,-9.947167602,-144.674,-7.20463810113,-6.907755279
1bzc,-8.97866,-9.5,-10.52741905,-159.814,-7.75220558744,-6.797231195
1bzh,-6.97174,-8.08,-9.850459028,-147.163,-8.45383673025,-9.353100648
1bzy,-8.44599,-9.55,-9.809012496,-139.81,-8.65426930576,-11.52213581
1c1r,-7.36249,-10.09,-8.92481982,-121.983,-9.53454473624,-10.54123456
1c5c,-8.69531,-10.56,-9.919536581,-92.016,-9.18815242003,-9.615595348
1c5p,-5.40224,-8.6,-6.990648342,-64.867,-6.49136960628,-6.465658941
1c5q,-5.78434,-7.15,-8.054442655,-72.468,-6.44097661048,-8.786664715
1c5s,-5.388,-8.59,-7.322220596,-71.214,-6.52297949443,-8.289306335
1c5t,-6.00508,-9.72,-7.460375701,-71.78,-6.67774544887,-5.664359329
1c5x,-5.62534,-7.6,-8.095889187,-81.867,-6.95186912523,-9.228761053
1c5y,-5.91538,-8.52,-7.488006722,-74.108,-7.00180252504,-5.802514434
1c5z,-4.9631,-8.5,-6.976832832,-69.327,-6.42147318844,-5.540019734
1c70,-11.95572,-13.64,-13.64972443,-248.114,-12.4006504028,-14.22997587
1c83,-6.95659,-11.37,-8.814295736,-88.212,-7.60238585838,-6.700522621
1c84,-8.33423,-10.84,-9.767565964,-97.876,-7.39562944265,-6.907755279
1c86,-7.56636,-11.77,-8.607063078,-98.916,-7.4975968392,-6.493289962
1c87,-7.17452,-10.68,-8.192597761,-100.165,-7.38016315739,-5.802514434
1caq,-10.29883,-7.16,-11.37016519,-200.977,-10.2511387676,-10.66557415
1ce5,-5.5069,-8.93,-7.045910385,-69.773,-6.33395429743,-6.548552005
1cea,-3.94249,-6.93,-6.755784663,-54.604,-5.51528098976,-6.852493237
1ceb,-5.34984,-8.54,-7.778132444,-70.102,-5.54133138489,-8.289306335
1cil,-5.97761,-6.59,-8.344568377,-89.069,-10.6975708732,-13.02802646
1cim,-6.54572,-7.46,-8.247859803,-77.381,-11.0632913846,-12.18528031
1cin,-6.75682,-6.58,-8.220228782,-82.928,-11.1081199532,-12.06094072
1ciz,-10.12719,-7.14,-11.45305825,-196.597,-10.2907819146,-10.27873986
1cnw,-4.2715,-5.11,-6.893939768,-93.475,-9.01492066591,-10.66557415
1cnx,-4.90552,-6.08,-7.557084275,-96.925,-9.36760376543,-10.18203128
1cny,-4.86265,-5.47,-7.971549592,-98.477,-9.07288064709,-10.84517579
1ct8,-8.30772,-10.03,-10.472157,-136.362,-8.79492024911,-9.007712884
1d2e,-8.02146,-8.92,-9.076790437,-142.561,-7.65313310597,-8.289306335
1d4y,-10.49903,-11.27,-12.10238725,-173.106,-11.9109715079,-15.33521672
1d6v,-10.27217,-8.89,-10.87280681,-127.732,-9.48732244009,-8.524170014
1d7i,-1.72013,-5.37,-5.843960966,-26.794,-7.86154054263,-4.973583801
1dfo,-9.44602,-12.36,-10.87280681,-161.311,-8.2876601251,-9.256392074
1dhj,-8.47767,-9.81,-9.242576563,-126.664,-9.57858103177,-9.049159416
1dif,-11.36882,-15.32,-14.395762,-270.325,-11.1497958543,-14.72733425
1dl7,-4.70301,-8.86,-7.059725895,-110.752,-7.6095841558,-8.966266352
1dqn,-7.23738,-9.3,-9.076790437,-114.092,-7.02189537173,-11.05240845
1dqx,-8.65999,-11.66,-9.366916158,-109.493,-7.46874086078,-15.26613917
1drj,-6.89798,-7.16,-8.275490824,-74.556,-6.37543239445,-10.22347781
1drk,-6.87602,-6.98,-8.192597761,-77.241,-6.36468091295,-9.422178201
1dud,-6.68499,-8.79,-8.012996124,-100.966,-6.69773357604,-6.659076089
1duv,-8.54876,-7.47,-9.380731669,-112.295,-8.23929050242,-16.30230246
1dy4,-8.67726,-7.87,-9.380731669,-107.342,-9.38951986307,-6.023562603
1dzk,-5.0039,-6.07,-7.059725895,-57.906,-7.48063789092,-8.42746144
1e3v,-8.61269,-7.62,-10.66557415,-115.861,-10.3662703771,-5.995931582
1e4h,-6.04796,-4.51,-8.689956141,-40.717,-5.79145557684,-11.61884438
1e6q,-6.42388,-9.64,-7.764316934,-66.423,-7.30947279089,-4.351885826
1e6s,-6.84558,-7.28,-7.639977339,-74.711,-7.14112493699,-4.4485944
1ec9,-6.63466,-6.3,-7.43274468,-60.805,-7.09373379512,-4.282808273
1ecq,-5.35733,-4.1,-7.322220596,-66.843,-6.64508399671,-4.144653167
1ecv,-6.99845,-10.84,-9.049159415,-78.101,-7.25664895533,-6.700522621
1efy,-8.79026,-9.3,-8.593247567,-96.913,-9.32233093806,-11.35634968
1egh,-3.7364,-8.97,-7.045910385,-55.402,-5.67698476241,-7.874841018
1eix,-9.83736,-12.22,-9.601779838,-113.793,-7.76029792056,-15.27995468
1ejn,-9.8135,-9.98,-9.670857391,-161.732,-10.3508818825,-7.764316934
1elc,-6.29892,-5.67,-8.689956141,-142.417,-10.8948614297,-9.201130032
1eld,-8.56542,-8.12,-10.27873986,-150.171,-9.75051408201,-9.256392074
1ele,-8.28229,-7.89,-10.15440026,-146.506,-9.54749377281,-9.463624732
1elr,-5.42584,-10.36,-7.985365103,-125.799,-8.26534836451,-6.852493237
1ent,-8.95048,-11.08,-11.81226153,-193.433,-9.65201262691,-9.615595348
1epo,-10.51619,-10.46,-11.09385498,-201.328,-10.9075284375,-10.9971464
1erb,-10.53144,-9.8,-10.52741905,-149.634,-9.49600836571,-11.19056355
1ez9,-5.80204,-8.18,-7.722870402,-132.535,-7.88520265173,-7.045910385
1ezq,-9.88738,-11.77,-11.6464754,-186.869,-10.6577331844,-12.50303706
1f0r,-9.29752,-7.58,-9.076790437,-139.043,-10.4351610978,-10.58268109
1f0s,-8.7878,-7.42,-8.772849204,-121.103,-9.66524161714,-10.69320517
1f0t,-7.78374,-9.87,-9.118236968,-143.534,-9.32189205996,-8.289306335
1f0u,-7.9549,-9.17,-10.30637088,-157.297,-8.72993387411,-9.89190556
1f3e,-7.67158,-10.61,-8.068258166,-69.089,-6.91541688883,-9.256392074
1f4x,-5.78918,-7.53,-7.488006722,-108.378,-6.05651001993,-7.722870402
1f5l,-7.88788,-7.09,-8.068258166,-71.847,-6.13659513712,-7.294589575
1f9g,-4.57793,-4.31,-6.424212409,-26.399,-5.52896240878,-1.768385351
1fao,-5.22699,-7.89,-8.634694099,-106.679,-7.5514801519,-10.18203128
1fcy,-16.40335,-16.6,-14.31286894,-178.379,-12.0266792816,-11.770815
1fdq,-7.24814,-8,-9.974798623,-139.404,-10.4039865972,-10.04387618
1fhd,-7.88643,-7.82,-8.524170014,-106.088,-6.74002038586,-9.422178201
1fiv,-11.85473,-16.98,-15.19706161,-314.848,-10.1592565153,-9.104421458
1fj4,-7.53628,-7.55,-7.957734081,-77.512,-7.73390392915,-6.341319346
1fjs,-8.84758,-9.77,-9.698488412,-166.379,-11.4620810208,-13.76024852
1fkf,-11.8031,-10.87,-13.35959871,-193.741,-9.59142898415,-12.98657992
1fkg,-7.95229,-8.98,-10.81754477,-140.129,-9.3135130917,-11.05240845
1fkh,-8.09901,-8.16,-11.10767049,-142.679,-9.33078109834,-11.2596411
1fl3,-11.20416,-10.46,-10.18203128,-145.359,-10.0976849968,-9.394547179
1fm9,-12.95665,-15.5,-14.49247058,-223.28,-10.5718266355,-12.4339595
1fo0,-12.37377,-19.34,-15.8325751,-313.693,-9.31744137859,-7.722870402
1fq5,-14.62269,-17.31,-15.77731306,-269.13,-10.8427133096,-11.60502887
1fv0,-9.13913,-6.36,-9.698488412,-120.173,-8.52274320974,-8.192597761
1fwv,-3.75689,-6.59,-6.880124258,-75.779,-6.11616522365,-5.139369928
1fzq,-7.42619,-8.39,-8.537985525,-131.735,-7.79731468646,-10.52741905
1g1d,-6.56698,-6.54,-8.772849204,-87.242,-9.80699934601,-13.04184197
1g2k,-11.88407,-12.82,-13.0832885,-258.691,-12.5170538115,-10.9971464
1g2l,-9.02901,-10.61,-10.44452598,-175.089,-10.7103147965,-10.00242964
1g2o,-9.83858,-10.94,-8.745218183,-118.327,-9.84603832229,-14.57536364
1g35,-10.87776,-13.08,-12.75171625,-244.998,-13.2361336363,-11.24582559
1g36,-9.45289,-10.37,-9.560333306,-145.12,-10.153722064,-9.90572107
1g3b,-5.28371,-10.32,-8.399830419,-84.225,-6.71723523396,-7.93010306
1g3d,-6.52066,-7.96,-8.261675314,-83.576,-6.74066515568,-7.66760836
1g3e,-6.53093,-7.95,-8.206413271,-91.942,-6.91796362173,-7.43274468
1g45,-6.18733,-6.28,-8.620878588,-81.974,-10.0882345564,-11.93660112
1g46,-6.16585,-6.33,-8.42746144,-82.825,-10.4434994894,-12.15764929
1g48,-5.82207,-5.49,-8.399830419,-68.868,-9.36560000066,-11.61884438
1g4j,-6.33425,-6.12,-7.971549592,-84.976,-10.2744823753,-12.01949419
1g4o,-6.23838,-6.31,-8.772849204,-83.76,-9.66201950381,-11.39779621
1g52,-6.8083,-7.04,-8.634694099,-89.464,-10.281793083,-13.17999707
1g53,-6.76869,-6.69,-8.634694099,-90.997,-9.79902134918,-12.48922154
1g54,-6.39968,-6.09,-8.109704698,-88.449,-10.1734992824,-12.18528031
1g7g,-8.05566,-10.23,-10.18203128,-190.184,-8.11291187994,-9.118236968
1g7v,-5.38128,-7.97,-7.943918571,-113.093,-7.81958565919,-8.841926757
1g85,-4.25701,-3.53,-7.501822233,-60.3,-5.43418679785,-7.570899786
1g98,-5.75843,-8.53,-8.303121845,-79.732,-8.03748946179,-7.874841018
1gaf,-6.0733,-9.64,-8.607063078,-92.913,-6.82077561729,-11.05240845
1gah,-9.14877,-9.91,-10.61031211,-191.637,-8.19517598733,-16.57861267
1gai,-8.90339,-8.43,-10.40307945,-185.585,-8.07547326142,-11.05240845
1gcz,-8.71325,-7.7,-9.007712884,-84.794,-8.37760095122,-7.087356916
1ghz,-7.0619,-8.65,-7.750501423,-85.864,-7.0908556085,-6.631445068
1gi1,-7.53724,-8.59,-7.888656529,-94.884,-6.83304572865,-7.557084275
1gi4,-6.92936,-9.1,-8.537985525,-88.801,-7.05793640972,-9.933352091
1gi6,-7.0259,-9.74,-7.902472039,-90.061,-7.76948946073,-8.593247567
1gi7,-5.46374,-6.02,-7.211696511,-58.037,-6.94855890697,-6.230795262
1gi8,-7.53127,-10.52,-8.206413271,-99.366,-9.15046854278,-6.976832832
1gi9,-7.07778,-9.13,-7.957734081,-97.222,-8.95331337833,-7.211696511
1gj6,-9.23377,-9.12,-9.560333306,-126.55,-8.3537170081,-9.670857391
1gj7,-8.95061,-9.33,-9.353100648,-135.911,-8.8177963561,-10.90043783
1gj8,-7.72998,-8.78,-8.703771652,-120.762,-8.66482386405,-9.615595348
1gja,-7.98797,-10.22,-8.468907972,-100.766,-8.1080833588,-7.488006722
1gjb,-8.47253,-10.03,-9.076790437,-127.864,-9.47500585904,-8.772849204
1gjc,-8.47151,-9.95,-9.311654116,-124.847,-9.44074615596,-8.772849204
1gjd,-8.45346,-9.35,-9.587964327,-105.16,-8.18360216313,-7.211696511
1gnm,-8.36647,-11.7,-10.01624515,-206.569,-10.1031477312,-8.634694099
1gnn,-8.67512,-12.64,-11.32871866,-203.274,-10.2480931383,-7.847209997
1gno,-8.24065,-10.98,-10.74846721,-186.651,-10.1457684931,-10.63794313
1gny,-5.51263,-7.38,-7.557084275,-128.294,-6.96732608443,-5.719621371
1grp,-2.85673,-8.19,-7.045910385,-34.754,-6.12294642872,-5.139369928
1gt1,-9.40025,-8.56,-9.505071264,-85.964,-8.45674083609,-8.289306335
1gu1,-7.56662,-9.57,-8.289306335,-80.711,-5.56260163622,-6.244610772
1gyx,-5.28702,-8.02,-7.861025507,-57.004,-6.48651252226,-3.426246618
1gyy,-6.02393,-6.69,-8.012996124,-69.104,-7.02220414161,-5.028845843
1gz3,-6.74032,-8.4,-7.819578976,-138.365,-7.96381264786,-5.111738906
1gz9,-5.74116,-5.61,-7.957734081,-119.718,-7.45211941194,-4.849244206
1gzc,-4.49544,-5.61,-6.852493237,-81.898,-6.19768266984,-4.821613185
1h0a,-6.21684,-8.83,-8.786664715,-76.364,-7.15886880185,-7.515637744
1h1h,-5.05173,-7.64,-7.93010306,-91.578,-7.09690842969,-7.211696511
1h2t,-9.47461,-13.13,-9.878090049,-189.941,-8.25607442893,-10.90043783
1h46,-7.70927,-4.78,-8.303121845,-104.75,-9.00480407731,-4.932137269
1h6h,-5.31911,-6.39,-7.888656529,-120.079,-7.01579005711,-7.322220596
1h9z,-9.31455,-7.16,-9.753750454,-94.076,-10.0119855528,-7.488006722
1hbv,-9.25326,-11.86,-12.21291133,-202.07,-10.1612133143,-8.800480225
1heg,-9.52389,-12.94,-11.770815,-219.173,-10.8094287405,-10.69320517
1hi3,-5.10735,-7.65,-7.18406549,-68.393,-7.35380930009,-5.788698924
1hi5,-4.7733,-6.45,-7.073541406,-70.847,-7.04835941407,-5.581466265
1hih,-9.69495,-11.71,-11.75699948,-227.172,-10.2058005282,-11.121486
1hii,-9.93818,-12.92,-12.66882318,-228.709,-9.59165315726,-10.05769169
1hlk,-7.25032,-4.33,-8.468907972,-82.415,-6.76012210681,-6.907755279
1hmr,-5.41592,-6.73,-8.91100431,-112.796,-9.88935164108,-9.049159416
1hms,-5.72722,-6.71,-8.952450842,-118.634,-9.85516314761,-8.800480225
1hmt,-5.7128,-6.58,-9.353100648,-117.999,-9.91652914613,-7.999180613
1hn2,-9.67598,-8.06,-9.491255753,-91.673,-8.36565379343,-8.289306335
1hnn,-8.33933,-8.2,-8.192597761,-73.632,-9.68776987808,-8.620878588
1hos,-9.22208,-10.36,-12.54448359,-220.026,-11.1292523472,-11.81226153
1hpo,-10.80092,-7.83,-10.98333089,-149.565,-10.7739881462,-12.73790073
1hps,-9.98872,-13.02,-12.88987135,-240.832,-11.3508827364,-12.73790073
1hpv,-9.12185,-10.29,-11.41161172,-184.363,-10.976620108,-12.73790073
1hpx,-9.28798,-10.23,-11.96423214,-183.284,-12.9645059622,-15.55626489
1hsh,-11.21007,-12.04,-12.5582991,-224.066,-10.2994901557,-13.01421095
1hvh,-10.91761,-11.29,-13.24907463,-198.973,-11.430246146,-10.9971464
1hvi,-11.07096,-15.16,-14.27142241,-273.716,-10.9461650976,-15.08653753
1hvj,-11.14057,-14.66,-14.03655873,-269.905,-11.0722048337,-15.74968204
1hvk,-10.75835,-14.75,-14.21616036,-265.837,-10.9413450194,-15.14179957
1hvl,-10.20641,-13.67,-13.62209341,-252.139,-11.1817927748,-13.74643301
1hvr,-14.74934,-14.07,-14.09182077,-268.739,-11.6417190271,-13.13855054
1hvs,-10.66043,-14.94,-13.6082779,-269.987,-10.9802548699,-14.22997587
1hwr,-8.8644,-8.03,-10.88662232,-162.244,-9.752120433,-11.50832029
1hxb,-11.67487,-12.56,-13.66353994,-225.016,-11.0707433997,-13.70498647
1hxw,-9.52515,-13.06,-11.89515459,-228.126,-11.6722334988,-14.94838242
1hyo,-5.49381,-7.07,-7.211696511,-51.698,-7.659357665,-5.622912797
1i00,-6.51486,-5.17,-8.482723483,-102.707,-9.29165099501,-8.759033694
1i5r,-13.15156,-19.01,-14.58917915,-269.288,-10.0865978984,-11.770815
1i7z,-9.55847,-8.02,-9.684672901,-127.47,-9.46937536459,-8.841926757
1i80,-5.93487,-7.4,-7.253143043,-59.267,-7.70569236795,-8.855742268
1i9l,-6.10313,-6.41,-8.634694099,-83.979,-9.69130641853,-11.71555295
1i9m,-5.75682,-6.04,-8.689956141,-82.291,-10.3448212842,-11.71555295
1i9n,-6.08423,-5.74,-8.455092461,-80.292,-9.43073726518,-11.96423214
1i9o,-6.4304,-6.05,-8.358383888,-85.219,-9.91377758504,-11.63265989
1i9p,-5.67722,-5.2,-8.206413271,-78.118,-9.68849358058,-11.61884438
1i9q,-6.33173,-5.88,-8.372199398,-86.069,-10.0778116747,-11.61884438
1if8,-6.56715,-6.7,-9.40836269,-103.094,-9.49475018935,-13.31815218
1igj,-9.64407,-7.76,-11.19056355,-140.235,-8.83954624325,-13.81551056
1iih,-3.92131,-7.54,-7.114987937,-43.012,-5.88249021517,-3.992682551
1iiq,-10.20216,-14.87,-13.0832885,-237.918,-10.9421099086,-10.3340019
1ik4,-4.88529,-7.42,-7.349851617,-71.297,-7.50036674218,-10.23729332
1ikt,-7.35595,-8.29,-9.781381475,-151.875,-9.66677408527,-4.69727359
1izh,-10.22763,-14.66,-13.6082779,-231.945,-11.3660648234,-10.63794313
1izi,-9.79369,-13.93,-12.50303706,-243.788,-11.1918976289,-9.104421458
1j01,-8.11127,-7.66,-8.289306335,-105.28,-7.37251464415,-8.938635331
1j14,-5.33278,-8.26,-7.004463853,-70.448,-6.34805624957,-6.203164241
1j4r,-7.32776,-7.49,-10.2096623,-135.933,-9.70500549503,-10.66557415
1jak,-7.31319,-7.73,-8.17878225,-80.227,-7.0526770306,-7.695239381
1jao,-5.90285,-7.63,-8.247859803,-132.285,-8.5554492512,-8.17878225
1jet,-8.02818,-10.92,-9.422178201,-167.589,-8.27827248457,-10.01624515
1jeu,-8.39399,-10.61,-9.974798623,-186.282,-7.72361840056,-9.422178201
1jev,-9.52947,-11.96,-10.94188436,-221.987,-8.47204805265,-9.518886774
1jfh,-5.1085,-4.85,-7.336036106,-92.212,-8.29461167923,-2.832179664
1jlr,-8.69393,-11.16,-9.17349901,-143.699,-7.81783930021,-4.600565016
1jmf,-6.53153,-8.32,-8.344568377,-82.528,-7.08886230519,-7.971549592
1jmg,-7.07532,-9.84,-8.206413271,-82.456,-6.93649439388,-8.386014909
1jmi,-7.86531,-9.23,-8.455092461,-92.526,-7.00800610862,-8.372199398
1jn2,-4.65635,-3.38,-8.358383888,-75.356,-6.59061869082,-5.650543818
1jn4,-8.64404,-10.54,-9.104421458,-168.891,-8.12432064821,-6.838677726
1joc,-4.20453,-7.09,-7.045910385,-67.487,-6.1497665271,-6.382765878
1jq8,-7.0982,-6.95,-9.947167602,-140.04,-10.5368601046,-8.289306335
1jqe,-8.25062,-5.43,-10.40307945,-120.329,-9.55927676494,-8.897188799
1jqy,-7.7175,-6.64,-9.560333306,-120.084,-8.03254222024,-6.797231195
1jyq,-8.03666,-11.9,-11.42542723,-214.263,-8.47047988109,-12.01949419
1jzs,-7.22996,-9.23,-9.449809222,-184.389,-7.70843873124,-9.118236968
1k1i,-8.75578,-10.38,-10.69320517,-148.669,-11.0148468467,-9.090605947
1k1j,-8.06887,-8.87,-10.23729332,-150.599,-11.2269431464,-10.43071047
1k1l,-7.78948,-9.65,-9.698488412,-134.919,-9.98115682045,-9.532702285
1k1m,-8.70527,-9.59,-9.850459028,-137.903,-10.1865425059,-10.22347781
1k1n,-6.74736,-10.23,-9.518886774,-138.275,-10.7793203311,-9.422178201
1k4h,-8.01635,-11.18,-8.869557778,-106.656,-8.34816915958,-7.059725895
1kav,-8.99849,-8.9,-10.48597251,-142.193,-8.05061323563,-8.040627145
1kc7,-2.9348,-6.53,-7.087356916,-40.323,-5.03128090271,-7.626161828
1kdk,-12.35003,-11.47,-10.55505007,-143.404,-10.2102702028,-12.50303706
1kel,-6.8253,-8.94,-8.993897373,-92.599,-7.63082303787,-10.05769169
1kjr,-6.88689,-6.28,-7.695239381,-103.536,-7.18979296352,-8.372199398
1kmy,-7.78335,-8.19,-9.062974926,-67.916,-8.06676560727,-7.045910385
1koj,-6.67161,-5.65,-8.524170014,-78.803,-7.699155134,-9.256392074
1ksn,-10.00556,-10.43,-10.87280681,-175.281,-11.1040876991,-12.98657992
1kyv,-8.82754,-10.9,-9.380731669,-120.05,-7.47252652083,-8.17878225
1kzk,-12.5992,-12.47,-13.26289014,-223.013,-12.219453438,-14.35431547
1l83,-5.41438,-5.77,-7.225512022,-44.991,-5.23720082226,-4.69727359
1laf,-6.61072,-8.1,-8.16496674,-97.062,-7.6078599181,-10.84517579
1lag,-5.05793,-8.62,-7.653792849,-81.246,-8.17446773248,-8.703771652
1lah,-5.65349,-8.2,-7.322220596,-75.055,-7.79170996804,-10.38926394
1lbf,-7.43794,-8.27,-9.712303922,-110.529,-7.71337772622,-10.84517579
1lee,-8.93058,-10.14,-12.11620276,-175.358,-10.007605944,-10.69320517
1lf2,-9.22227,-10.24,-12.28198889,-184.192,-10.0169392424,-10.38926394
1lf9,-9.28692,-8.71,-10.37544843,-171.161,-8.67517576053,-16.57861267
1lgt,-8.4686,-7.99,-9.284023095,-76.494,-8.58154534617,-8.42746144
1lgw,-5.8743,-6.94,-7.294589575,-58.961,-6.3812006223,-5.526204223
1li2,-5.46502,-6.68,-7.336036106,-47.481,-6.09287695986,-5.581466265
1li3,-6.01335,-7.6,-7.736685912,-53.177,-6.58649679559,-5.871591987
1li6,-3.90836,-6.11,-6.700522621,-41.848,-5.82958610441,-5.249894012
1lkk,-6.04839,-9.91,-9.394547179,-159.795,-7.82198977079,-9.463624732
1lkl,-5.45807,-8.03,-8.17878225,-134.749,-7.21571667132,-8.026811634
1lor,-9.16771,-11.27,-9.546517796,-112.781,-6.95330682222,-15.27995468
1lpg,-8.88969,-10.84,-10.2096623,-181.185,-10.4255517783,-9.795196986
1lpk,-9.3229,-11.14,-10.61031211,-164.333,-10.4319783152,-10.43071047
1lpz,-9.95471,-8.83,-10.48597251,-157.096,-9.9645561013,-10.49978802
1lyb,-8.39308,-12.23,-12.37869746,-212.586,-9.57908304575,-15.77731306
1lyx,-3.59658,-7.89,-7.114987937,-51.541,-5.36912206026,-6.272241793
1lzq,-9.72327,-13.38,-12.14383378,-233.123,-11.4461643706,-11.59121336
1m0o,-7.74008,-8.83,-10.11295373,-120.173,-8.34111659728,-3.191382939
1m1b,-4.68614,-7.78,-7.488006722,-34.776,-8.06507911719,-6.43802792
1m2p,-10.37048,-8.53,-9.201130032,-80.907,-8.49357282833,-8.441276951
1m2r,-9.14008,-8.1,-9.17349901,-86.888,-8.81865275001,-8.92481982
1m2x,-3.31803,-3.98,-6.659076089,-61.576,-6.3229757155,-5.733436882
1m5w,-5.15874,-6.88,-7.059725895,-53.301,-7.3482381447,-5.899223008
1m9n,-10.43432,-12.58,-9.974798623,-162.933,-7.40828469132,-9.560333306
1mai,-4.82129,-8.66,-7.764316934,-87.773,-7.74575759581,-9.228761053
1mes,-11.27055,-12.46,-12.80697829,-217.008,-12.3490218717,-10.63794313
1met,-12.60829,-14.13,-13.84314158,-220.721,-12.6826710568,-12.98657992
1meu,-11.65908,-12.79,-13.6082779,-213.806,-12.7552784725,-8.42746144
1mfi,-7.85104,-7.96,-8.482723483,-84.271,-6.52006013842,-7.722870402
1mmq,-7.90035,-7.76,-9.505071264,-160.313,-8.64037220004,-10.38926394
1moq,-6.48472,-8.38,-8.441276951,-99.734,-7.73096109507,-4.780166653
1mq5,-9.77615,-7.15,-10.37544843,-171.826,-9.48762595818,-12.4339595
1mrn,-8.78928,-9.08,-9.739934943,-184.154,-8.23366966195,-6.244610772
1mrs,-7.09175,-8.8,-8.731402673,-115.948,-7.12846533646,-5.470942181
1mrw,-11.21381,-9.93,-12.61356114,-194.847,-11.6971774868,-13.40104524
1mrx,-11.49471,-10.26,-12.62737665,-189.431,-11.5826353914,-10.03006067
1msm,-12.50631,-12.52,-13.06947299,-223.815,-12.2915920474,-14.47865506
1msn,-11.80593,-11.54,-12.76553176,-219.611,-12.0680595985,-12.5582991
1n1m,-6.27533,-8.09,-7.91628755,-81.972,-7.4158283341,-7.874841018
1n3i,-9.45035,-11.58,-8.607063078,-117.24,-9.65015822175,-12.28198889
1n4h,-10.03993,-10.14,-10.27873986,-128.52,-10.9601238673,-9.049159416
1n8v,-5.21775,-3.13,-8.17878225,-91.134,-6.88969640513,-8.330752867
1nc3,-9.70612,-10.71,-8.91100431,-123.746,-7.00139958572,-6.907755279
1nf8,-8.83071,-10.9,-8.67614063,-104.666,-7.50911937134,-10.80372926
1nfu,-9.86982,-9.17,-10.16821577,-154.922,-10.9907337047,-10.69320517
1nfw,-9.79338,-7.36,-9.325469627,-148.373,-11.1130272226,-12.37869746
1nfx,-9.88077,-7.64,-9.256392074,-158.457,-10.9665699162,-11.770815
1nh0,-9.68536,-14.59,-12.13001827,-251.998,-11.2607699354,-13.45630728
1njc,-7.29995,-8.99,-8.551801035,-89.199,-7.389651394,-7.66760836
1njd,-8.17569,-10.05,-8.261675314,-98.305,-6.98099966371,-7.695239381
1nl9,-8.57352,-8.08,-10.78991375,-166.279,-8.45299706576,-8.234044293
1nli,-5.64805,-8.67,-7.142618958,-56.722,-5.39457707516,-4.95976829
1no6,-9.46126,-9.18,-9.988614133,-124.54,-8.37422780454,-6.092640156
1nq7,-10.58,-10.43,-12.11620276,-138.653,-11.0818702636,-9.394547179
1nw4,-8.94419,-8.95,-8.068258166,-105.662,-10.5562247136,-12.53066808
1nwl,-5.26208,-4.73,-7.874841018,-85.621,-8.67253859786,-3.301907023
1nz7,-8.30074,-9.94,-10.87280681,-194.994,-9.66147297477,-9.836643517
1o0f,-5.59431,-7.06,-7.653792849,-74.932,-6.80388312278,-7.322220596
1o0m,-6.0662,-10.56,-8.109704698,-103.92,-5.54425419985,-7.114987937
1o0n,-6.27693,-8.44,-7.639977339,-96.756,-5.38961643361,-5.650543818
1o0o,-4.50266,-6.64,-7.197881001,-63.265,-6.37776668215,-7.045910385
1o2h,-8.66576,-8.62,-8.91100431,-123.646,-7.23046836728,-9.90572107
1o2j,-7.08959,-7.14,-8.537985525,-105.661,-8.75396730222,-9.560333306
1o2k,-7.64858,-8.51,-8.717587162,-116.522,-8.56563070805,-9.560333306
1o2n,-8.82707,-8.29,-9.726119433,-112.163,-9.10534892543,-8.41364593
1o2o,-7.40705,-8.89,-8.745218183,-110.54,-8.61033004855,-8.786664715
1o2q,-8.45165,-8.97,-9.518886774,-130.321,-7.75040536036,-10.61031211
1o2s,-6.71949,-9.64,-8.386014909,-88.055,-7.18437089666,-7.557084275
1o2w,-6.21677,-7.09,-8.068258166,-95.365,-8.78832286876,-8.082073676
1o2x,-6.32399,-7.45,-8.234044293,-93.423,-8.7806119718,-8.082073676
1o2z,-7.46017,-8.03,-8.814295736,-128.275,-10.2476264071,-8.441276951
1o30,-6.91986,-7.77,-8.91100431,-116.94,-9.86398384587,-9.353100648
1o33,-6.87336,-7.46,-7.91628755,-87.608,-7.12795037995,-7.93010306
1o36,-0.68022,-8.51,-9.17349901,-126.96,-10.209448792,-8.234044293
1o38,-8.03762,-9.5,-8.745218183,-119.39,-9.23812433892,-9.422178201
1o3d,-9.03771,-9.27,-8.993897373,-119.013,-8.94610612058,-9.850459028
1o3i,-7.53094,-7.95,-8.703771652,-92.243,-8.16331394418,-10.08532271
1o3j,-7.33129,-7.01,-8.565616546,-87.025,-7.5138393548,-9.353100648
1o3k,-7.59446,-9,-8.593247567,-90.706,-7.50096081496,-9.353100648
1oar,-10.63474,-9.6,-9.919536581,-98.768,-8.09516276224,-10.22347781
1oba,-1.80954,-5.39,-5.69199035,-41.302,-4.75083772762,-3.370984576
1ocq,-7.22339,-7.62,-7.874841018,-93.13,-7.1343090435,-7.17024998
1od8,-7.53046,-7.75,-8.040627145,-101.026,-6.96317786763,-7.045910385
1ody,-10.92961,-15.08,-14.07800526,-276.286,-11.5512415352,-11.19056355
1oe8,-5.49231,-8.52,-7.377482638,-103.435,-9.12094717863,-7.626161828
1ofz,-4.95237,-6.06,-7.073541406,-40.958,-6.53477214169,-6.382765878
1ogg,-8.48887,-10.62,-9.1596835,-149.205,-8.73265290189,-7.17024998
1ogx,-9.22745,-9.37,-9.767565964,-87.244,-9.83180571802,-8.41364593
1ohr,-10.20036,-9.94,-12.32343542,-188.193,-10.5951157167,-12.01949419
1oif,-5.81279,-6.1,-7.308405085,-74.286,-7.93636139078,-10.66557415
1okl,-5.53612,-5.53,-8.275490824,-68.457,-9.11905991217,-8.330752867
1ony,-8.07171,-8.65,-9.753750454,-163.044,-8.54961175696,-9.353100648
1onz,-9.23842,-8.36,-9.864274538,-120.159,-7.83755791547,-7.045910385
1os5,-8.6372,-6.49,-10.52741905,-126.092,-9.23954606694,-9.463624732
1oss,-4.73324,-7.87,-6.893939768,-65.522,-6.35285621846,-6.617629557
1ow4,-9.45687,-9.41,-10.38926394,-98.03,-9.47760412103,-7.847209997
1owd,-8.38585,-9.61,-8.966266352,-130.17,-9.74594860485,-11.32871866
1owe,-7.69157,-9.72,-8.303121845,-109.825,-8.37602711092,-8.565616546
1owh,-6.99614,-10.26,-8.344568377,-121.512,-9.16499929714,-10.22347781
1oyq,-8.13903,-10.04,-9.297838606,-148.752,-10.5156622856,-9.615595348
1p1n,-7.55423,-8.23,-8.123520208,-92.018,-8.78321889554,-9.394547179
1p1o,-7.89615,-9.58,-8.054442655,-90.852,-7.18365469462,-7.957734081
1p28,-2.79949,-4.94,-6.244610772,-26.442,-6.00083598369,-7.488006722
1pbk,-10.42879,-10.68,-13.47012279,-170.135,-8.43156631363,-12.50303706
1pfu,-3.65646,-5.38,-6.562367515,-53.987,-7.53257325689,-3.757818872
1pgp,-5.6944,-7.49,-7.446560191,-77.592,-6.36571933358,-7.874841018
1pot,-5.45136,-10.82,-7.722870402,-82.115,-7.86946336345,-7.584715296
1ppc,-8.59411,-9.97,-10.77609824,-141.644,-10.8381493787,-8.510354504
1pph,-8.16774,-9.6,-9.477440243,-137.205,-9.16222073749,-8.17878225
1ppk,-8.09709,-8.15,-10.87280681,-159.718,-8.45632692036,-10.58268109
1ppl,-8.66515,-10.79,-12.30961991,-192.413,-8.96561981291,-11.81226153
1pro,-11.11919,-11.96,-12.1714648,-240.758,-11.9367164495,-15.61152693
1ps3,-8.36225,-6.52,-7.861025507,-100.021,-6.96501432938,-3.149936407
1px4,-4.97504,-5.63,-7.971549592,-56.387,-5.60605442033,-4.46240991
1pyn,-7.35615,-8.59,-10.472157,-150.09,-8.11157174374,-7.584715296
1pzi,-6.62523,-7.13,-8.455092461,-77.587,-6.00076511962,-5.830145456
1pzo,-6.44968,-4.96,-8.330752866,-82.596,-8.11582681077,-4.586749505
1pzp,-6.96252,-7.68,-8.510354504,-96.103,-9.15560140007,-4.572933995
1q1g,-8.97905,-8.89,-8.316937356,-105.009,-9.65922452601,-11.83989255
1q91,-9.8165,-11.06,-9.449809222,-147.953,-8.16024755197,-5.733436882
1q95,-8.16982,-12.35,-8.703771652,-98.2,-8.38969344188,-10.45834149
1qan,-9.03703,-10.5,-9.270207584,-170.768,-8.89235349125,-6.18934873
1qaw,-8.2099,-9.24,-9.17349901,-97.131,-7.4095008512,-7.073541406
1qb1,-8.38117,-10.59,-9.822828007,-154.754,-10.3792821269,-9.353100648
1qbn,-8.23784,-11.02,-9.643226369,-129.973,-9.33795299972,-8.082073676
1qbo,-9.13511,-11.23,-9.878090049,-143.6,-10.0510326778,-10.69320517
1qbq,-6.1954,-9.6,-8.620878588,-89.301,-8.77751920038,-11.46687376
1qbr,-13.77194,-16.19,-15.10035304,-276.494,-11.3652989826,-14.60299466
1qbt,-14.81036,-17.98,-15.80494408,-306.904,-10.5557607449,-14.67207221
1qbu,-12.03413,-12.07,-13.40104524,-218.215,-11.3238800052,-14.14708281
1qft,-4.12009,-7.12,-6.479474452,-58.342,-7.48081110192,-12.11620276
1qhc,-8.74689,-11.61,-9.284023095,-191.533,-8.64267689385,-10.45834149
1qin,-7.76815,-10.08,-10.23729332,-125.3,-8.23818802468,-11.05240845
1qiw,-7.39508,-10.92,-11.57739785,-151.184,-10.7133806637,-10.69320517
1qka,-9.09347,-11.63,-10.45834149,-202.174,-8.81984223526,-8.17878225
1qpb,-3.4784,-3.83,-6.272241793,-22.424,-6.90009110008,-1.878909436
1qxk,-8.45316,-9.37,-9.739934943,-165.655,-7.93907693547,-6.976832832
1qy1,-5.59078,-6.92,-7.239327532,-63.899,-7.68858145599,-9.007712884
1qy2,-5.16362,-6.98,-7.087356916,-56.613,-7.63933823428,-7.93010306
1r1h,-8.4879,-9.65,-11.35634968,-142.795,-9.91446674876,-12.32343542
1r1j,-7.70855,-8.46,-10.44452598,-133.905,-10.0842575314,-11.93660112
1r4w,-6.12229,-9.15,-8.040627145,-114.45,-7.92288556344,-5.595281776
1r6n,-8.56071,-6.73,-11.05240845,-118.541,-9.64762670596,-10.22347781
1r9l,-4.34372,-9.16,-6.769600173,-68.303,-7.77735016162,-7.460375701
1rbo,-6.18522,-7.32,-8.786664715,-96.502,-7.60557952023,-17.57332943
1rbp,-10.50112,-9.37,-10.32018639,-143.354,-9.50693252423,-9.284023095
1rd4,-10.36315,-9.98,-10.80372926,-138.678,-10.1477300658,-10.69320517
1rdi,-4.53546,-5.61,-6.589998536,-33.902,-6.17781719139,-2.845995175
1rdj,-4.45801,-4.07,-6.617629557,-24.763,-5.62773121756,-2.293374753
1rdl,-4.33047,-3.74,-6.272241793,-26.432,-5.48270450728,-3.094674365
1rdn,-4.70168,-4.06,-6.258426283,-33.264,-5.76919731092,-2.542053943
1rgk,-5.83832,-7.88,-7.584715296,-79.55,-7.26836227515,-5.954485051
1rgl,-5.01802,-7.49,-7.17024998,-69.337,-7.30058438779,-6.120271177
1rpj,-7.97443,-6.96,-8.482723483,-93.674,-6.57364711423,-8.952450842
1rql,-3.34247,-2.45,-6.741969152,-39.828,-8.2737507816,-3.799265403
1rzx,-5.49679,-11.76,-10.08532271,-189.084,-8.73828631049,-5.664359329
1s63,-5.76103,-4.15,-8.759033694,-70.052,-9.98479144936,-12.50303706
1sbg,-10.18593,-10.29,-12.57211461,-199.257,-10.8043198046,-10.69320517
1sc8,-7.32701,-10.68,-8.869557778,-160.685,-10.9255906676,-10.27873986
1sdt,-11.65237,-12.35,-12.39251297,-230.085,-11.123190174,-12.80697829
1sdu,-11.22555,-11.7,-12.65500767,-224.502,-10.5735704776,-13.91221913
1sdv,-11.58753,-12.07,-11.97804765,-228.001,-11.1425447175,-12.07475623
1sgu,-10.49378,-11.02,-12.32343542,-210.726,-10.6946667851,-7.41892917
1sh9,-9.17817,-12.54,-11.6464754,-228.869,-11.4965098753,-8.330752867
1siv,-8.9302,-12.92,-11.99186316,-235.129,-9.4825534363,-11.16293253
1sld,-11.13097,-12.84,-11.2596411,-167.625,-10.5115909601,-9.076790437
1sle,-10.61698,-8.66,-10.52741905,-151.699,-9.89639000545,-8.524170014
1sqo,-7.46956,-8.31,-8.192597761,-119.186,-9.95182101596,-10.30637088
1sqt,-7.82314,-8.38,-7.985365103,-120.111,-9.27600319107,-8.565616546
1ssq,-3.77518,-5.85,-6.230795262,-40.042,-7.7951365391,-8.289306335
1str,-6.99784,-11.62,-9.463624732,-147.168,-9.64342632954,-6.589998536
1sts,-7.84696,-11.71,-10.40307945,-183.896,-9.69133505868,-6.907755279
1sw2,-4.84936,-8.71,-6.589998536,-69.337,-7.89088690325,-9.974798623
1swr,-7.65493,-14.16,-8.759033694,-122.154,-8.96576968451,-9.560333306
1syi,-9.13424,-9.47,-8.897188799,-115.291,-9.32739958243,-7.515637744
1t31,-10.00975,-11.51,-12.32343542,-158.864,-10.3633902076,-11.93660112
1t32,-11.13533,-11.37,-12.93131788,-173.958,-10.3411599765,-10.25110883
1t7j,-8.99727,-10.09,-10.5964966,-193.566,-12.6320606487,-12.01949419
1tcw,-5.52886,-6.94,-10.26492434,-119.974,-9.79020193006,-8.316937356
1tcx,-10.25517,-10.59,-12.59974563,-201.338,-10.8235548211,-9.601779838
1thz,-8.68117,-7.96,-10.29255537,-98.336,-8.85250621457,-7.114987937
1tkb,-9.69271,-11.33,-9.864274538,-132.872,-8.57733269098,-11.05240845
1tng,-3.91466,-6.79,-6.631445068,-68.681,-5.64093350753,-4.047944594
1tnh,-4.27165,-7.99,-6.700522621,-67.71,-5.55428521129,-4.655827058
1tni,-2.89459,-5.2,-6.617629557,-62.334,-6.00133026503,-5.526204223
1tnj,-3.92523,-7.46,-6.631445068,-71.349,-6.21195361153,-2.707840069
1tnk,-3.83896,-6.01,-6.589998536,-72.258,-6.34298615257,-2.058511073
1tnl,-4.29886,-6.05,-7.073541406,-73.137,-6.32209953476,-2.597315985
1tsl,-7.70701,-4.77,-10.15440026,-78.218,-9.0682494248,-8.496538993
1tvo,-10.35428,-10.47,-9.339285137,-112.986,-11.0316639591,-9.463624732
1tx7,-5.91928,-9.5,-7.529453254,-83.391,-6.72994663869,-6.355134857
1tys,-9.54437,-11.56,-9.132052479,-105.339,-6.64518841551,-7.584715296
1u1w,-7.64438,-10.01,-8.192597761,-82.202,-7.45685188512,-8.082073676
1ua4,-8.73101,-12.43,-8.634694099,-124.258,-7.84817649057,-5.830145456
1ucn,-7.57065,-9.32,-8.386014909,-113.09,-7.16810487841,-7.211696511
1ugx,-6.40271,-6.46,-7.225512022,-94.181,-5.86164382772,-8.16496674
1ui0,-5.16625,-8.35,-6.769600173,-57.519,-6.61272897528,-9.753750454
1uj5,-5.69421,-4.75,-7.543268765,-74.833,-6.08728992329,-4.21373072
1ulg,-3.73209,-2.04,-6.355134857,-42.434,-5.62141635743,-5.816329945
1upf,-4.60898,-7.11,-6.382765878,-36.443,-7.05030241102,-6.355134857
1ur9,-10.35058,-12.92,-10.52741905,-180.5,-8.88211095911,-7.971549592
1urg,-6.31833,-7.13,-7.778132444,-107.574,-7.18899200312,-8.040627145
1usn,-6.11486,-3.56,-7.750501423,-82.05,-9.4842278031,-10.69320517
1utc,-8.92232,-14.99,-13.09710401,-194.143,-10.2899231117,-6.286057304
1utj,-3.57926,-7.24,-6.520920983,-64.185,-6.13279254689,-5.305156054
1utl,-3.85647,-5.9,-6.368950367,-63.674,-6.5941993059,-3.412431108
1utm,-4.14114,-7.21,-6.589998536,-63.855,-6.28278327008,-4.158468678
1utn,-3.99863,-7.14,-6.68670711,-64.895,-5.91524612744,-4.821613185
1uto,-4.36321,-6.83,-6.479474452,-61.022,-6.28346319984,-3.136120897
1uv6,-3.89445,-7.59,-6.520920983,-76.652,-7.52056786046,-7.073541406
1uw6,-6.7263,-5.06,-8.040627145,-92.818,-8.38684684364,-10.14058475
1uwf,-6.37329,-6.25,-7.971549592,-76.04,-7.2618857798,-9.422178201
1uxa,-3.53162,-3.61,-6.134086688,-63.663,-5.89080189858,-3.177567428
1uxb,-3.61524,-3.47,-6.147902198,-63.715,-5.94581019593,-2.97033477
1uz4,-6.51475,-9.72,-7.349851617,-73.862,-7.24302053491,-4.69727359
1v0k,-6.28701,-5.5,-7.405113659,-80.93,-6.61115901352,-7.045910385
1v0l,-6.20934,-5.7,-7.612346317,-88.531,-6.86318460276,-10.43071047
1v1j,-8.02237,-9.6,-8.16496674,-86.136,-5.54491910606,-6.659076089
1v2j,-5.37081,-8.83,-7.018279363,-67.261,-6.22219157569,-4.490040931
1v2k,-10.98449,-7.46,-9.850459028,-165.231,-8.45622480703,-8.551801035
1v2l,-5.05404,-7.44,-6.949201811,-66.283,-6.38052131783,-5.926854029
1v2n,-9.85236,-12.3,-10.3340019,-136.276,-9.32209292887,-8.151151229
1v2q,-5.59686,-8.33,-8.095889187,-103.893,-8.90646446733,-5.70580586
1v2r,-7.14249,-9.81,-8.330752866,-131.651,-9.77795430008,-4.904506248
1v2s,-5.38933,-8.48,-7.018279363,-68.301,-6.35656798563,-5.761067903
1v2t,-6.45492,-9.13,-8.524170014,-126.632,-9.24067712794,-6.507105473
1v2u,-5.3901,-8.2,-7.073541406,-68.052,-6.44962650164,-4.655827058
1v2w,-6.17915,-8.91,-8.42746144,-125.618,-9.21372260633,-5.540019734
1vj9,-8.21321,-10.89,-9.988614133,-203.447,-10.6402072592,-10.43071047
1vja,-7.30569,-11.13,-8.869557778,-169.201,-10.608876305,-10.63794313
1vjc,-5.95831,-4.68,-8.082073676,-122.276,-6.67125350504,-4.94595278
1vjd,-7.98675,-10.72,-8.980081863,-157.131,-8.13669878818,-4.890690738
1vkj,-9.92621,-11.4,-10.09913822,-159.638,-6.41560231588,-6.700522621
1vwl,-8.80522,-11.7,-10.67938966,-171.009,-10.309159238,-7.778132444
1vwn,-10.69032,-12.34,-11.19056355,-162.291,-10.6266125689,-8.040627145
1vyf,-6.04276,-6.57,-9.132052479,-114.357,-9.61884034903,-11.121486
1vyg,-6.91459,-10.7,-9.615595348,-140.744,-9.80043692186,-11.05240845
1w3j,-4.89904,-6.06,-7.294589575,-67.093,-7.46860983418,-8.731402673
1w3l,-7.02393,-6.17,-8.303121845,-111.977,-8.01883062206,-8.67614063
1w4o,-6.59618,-10.37,-8.040627145,-107.969,-5.55368812123,-7.211696511
1w4p,-6.08041,-9.89,-7.943918571,-107.863,-5.54086288674,-6.548552005
1w4q,-6.42853,-9.42,-8.095889187,-106.519,-5.57480108315,-7.266958554
1w5v,-12.21503,-15.69,-13.4839383,-267.859,-11.9912591791,-11.2596411
1w5w,-12.40733,-15.63,-13.30433667,-274.557,-12.0664220037,-12.15764929
1w5x,-12.39318,-15.81,-13.15236605,-266.512,-12.0908077614,-11.60502887
1w5y,-12.08834,-15.22,-13.66353994,-268.639,-12.0512995459,-11.71555295
1w8l,-4.39104,-5.95,-7.114987937,-53.205,-5.72841542702,-0.676960017
1w8m,-4.22483,-4.34,-6.576183026,-58.527,-6.60626068487,-2.210481689
1wcq,-6.99687,-7.36,-8.040627145,-91.338,-6.9830219625,-8.648509609
1wdn,-6.23718,-9.44,-7.639977339,-87.862,-7.49317903414,-8.703771652
1we2,-5.48489,-7.15,-7.460375701,-65.53,-6.01988566449,-6.023562603
1wht,-5.69219,-7.14,-8.234044293,-70.844,-7.56907363842,-5.111738906
1wm1,-7.14026,-6.64,-8.67614063,-82.526,-9.30485620248,-8.703771652
1ws4,-4.90354,-5.83,-6.6728916,-68.134,-5.9572862688,-4.144653167
1ws5,-4.93889,-5.98,-6.700522621,-65.861,-6.21139679656,-4.186099699
1wvj,-9.84232,-8.95,-8.938635331,-111.147,-9.41551671246,-9.297838606
1x38,-8.16048,-8.53,-9.145867989,-108.35,-9.21310242512,-12.11620276
1x39,-8.17179,-8.78,-8.897188799,-116.201,-9.14755265311,-12.73790073
1x8d,-5.17796,-7.5,-7.515637744,-62.425,-6.41223089921,-3.053227833
1x8j,-9.87508,-7.9,-10.16821577,-114.75,-10.1978208342,-9.615595348
1x8r,-8.74906,-9.85,-10.51360353,-125.157,-7.84876519994,-8.455092462
1x8t,-8.20971,-10.95,-10.38926394,-124.112,-7.89478650767,-10.77609824
1xbo,-9.48787,-11.02,-11.08003947,-146.083,-7.83312414194,-8.344568377
1xd0,-9.19824,-8.53,-10.7346517,-203.631,-7.5867759692,-9.836643517
1xgi,-7.04764,-7.69,-8.220228782,-75.454,-8.92170028185,-6.700522621
1xhy,-7.42089,-9.19,-8.386014909,-94.941,-8.8221454123,-8.537985525
1xk5,-6.75194,-9.91,-8.372199398,-122.464,-8.05039900886,-8.289306335
1xk9,-8.81179,-6.3,-9.062974926,-95.443,-7.8277050486,-9.463624732
1xka,-7.56885,-11.13,-9.698488412,-140.862,-9.42255241389,-9.505071264
1xpz,-6.03486,-5.84,-9.076790437,-74.659,-9.63446785476,-9.781381475
1xq0,-6.29318,-5.78,-9.201130032,-87.72,-9.46715419311,-8.759033694
1y0l,-7.94293,-10.36,-8.42746144,-102.01,-8.02107259408,-12.4339595
1y20,-5.06266,-7.88,-7.515637744,-66.776,-7.13069730112,-7.349851617
1y2f,-5.21296,-4.57,-8.358383888,-64.77,-7.2351962342,-6.797231195
1y2g,-6.31161,-4.74,-9.270207584,-67.841,-6.98717834659,-5.636728308
1y3n,-9.66766,-9.8,-9.104421458,-110.34,-6.86445265393,-7.66760836
1y3p,-12.99142,-11.08,-11.43924274,-197.976,-7.72074910795,-6.659076089
1y6r,-10.0018,-11.32,-9.187314521,-123.125,-9.78033359415,-13.96748117
1yc1,-10.65986,-10.13,-10.03006067,-122.24,-8.95003036411,-8.524170014
1yc4,-7.95153,-8.89,-8.759033694,-89.558,-9.74238311589,-9.049159416
1ydk,-5.18071,-7.98,-8.234044293,-117.65,-8.69797518825,-8.137335719
1yei,-7.96324,-10.66,-9.187314521,-130.714,-7.16386873355,-10.30637088
1yid,-6.81803,-7.75,-8.689956141,-97.489,-7.6695185117,-6.907755279
1yqj,-12.38448,-11.08,-12.19909582,-159.255,-9.88565758357,-11.24582559
1yqy,-8.41868,-5.81,-9.17349901,-135.444,-8.93724958112,-10.52741905
1z3t,-7.61843,-6.29,-8.040627145,-92.318,-6.99470961018,-5.44331116
1z3v,-7.76082,-6.25,-8.316937356,-93.677,-7.12460698773,-5.678174839
1z6e,-11.10612,-8.55,-10.37544843,-203.687,-11.5263522992,-13.42867626
1z6s,-5.86915,-7.4,-7.68142387,-69.95,-6.38143507247,-5.995931582
1zhy,-10.96102,-10.35,-11.95041663,-162.727,-10.8612132295,-9.007712884
1zog,-6.51706,-5.74,-8.703771652,-52.846,-8.63821290927,-9.878090049
1zoh,-6.937,-5.37,-8.841926757,-62.465,-8.53469973589,-9.670857391
1zp8,-9.36476,-7.55,-11.92278561,-207.675,-12.093042057,-12.11620276
1zpa,-8.71083,-9.52,-12.0333097,-217.231,-11.1118664894,-11.60502887
220l,-5.26846,-5.72,-7.17024998,-45.293,-5.17083166874,-4.69727359
2a31,-5.13554,-6.68,-6.755784663,-59.168,-7.13536453256,-1.395366566
2a4m,-5.46716,-5.84,-7.584715296,-54.894,-7.54418077728,-6.244610772
2a5b,-7.4232,-11.36,-8.137335719,-89.636,-6.84754272124,-5.429495649
2a5c,-7.57642,-9.38,-8.054442655,-103.969,-7.23033469716,-6.382765878
2aac,-6.96306,-6.79,-7.66760836,-68.644,-6.88883965894,-3.067043344
2aj8,-8.00778,-6.57,-8.358383888,-95.716,-10.8829034364,-8.565616546
2ans,-8.32041,-7.6,-9.933352091,-86.361,-9.30190195649,-8.17878225
2aoc,-8.13689,-14.37,-12.0333097,-245.526,-9.48008670701,-6.755784663
2aod,-8.39856,-15.02,-12.39251297,-265.132,-9.71819391296,-7.819578976
2aoe,-7.71751,-13.98,-12.86224033,-259.874,-9.44308806673,-10.52741905
2aog,-8.62212,-15.24,-12.64119216,-258.137,-8.8671050636,-8.67614063
2aqu,-9.9752,-13.2,-13.29052116,-231.206,-12.237751949,-12.87605584
2arm,-5.85495,-4.19,-7.266958553,-78.678,-8.19572860032,-11.23201008
2avm,-8.39598,-14.39,-12.21291133,-260.416,-9.4737133443,-7.874841018
2avo,-10.67041,-10.83,-12.48922154,-234.575,-10.8877706505,-12.22672684
2avq,-8.67783,-14.87,-12.62737665,-270.168,-9.61601451749,-6.065009135
2avs,-11.18116,-11.89,-12.15764929,-225.877,-10.8074164174,-10.45834149
2avv,-11.23941,-11.03,-12.76553176,-219.954,-11.4002706766,-12.79316278
2b07,-7.46646,-10.44,-10.12676924,-144.868,-8.52865314744,-8.883373289
2b4l,-4.82543,-8.45,-6.880124258,-71.62,-7.43121508935,-6.589998536
2bfq,-9.21968,-12,-9.878090049,-196.282,-7.54662461371,-9.518886774
2bfr,-7.19626,-10.59,-8.966266352,-150.546,-7.02046117552,-7.253143043
2bjm,-8.89653,-7.16,-9.228761053,-74.039,-6.71059750028,-5.111738906
2bmz,-4.63631,-5.55,-6.700522621,-63.464,-5.0621908119,-5.111738906
2bo4,-4.68971,-8.85,-7.197881001,-60.153,-6.47160306355,-6.368950367
2boh,-9.80439,-6.17,-9.960983112,-161.222,-10.4658796297,-11.770815
2bpv,-10.53514,-11.72,-11.89515459,-223.845,-10.7524791387,-10.5964966
2bpy,-11.19165,-10.7,-12.26817338,-221.448,-10.7362223229,-10.22347781
2bq7,-8.90989,-6.42,-9.449809222,-155.079,-9.9723975304,-9.739934943
2bqv,-11.16263,-11.73,-13.00039544,-230.433,-10.2369976327,-11.121486
2bsu,-9.23912,-15.26,-13.51156933,-252.981,-8.78735348934,-7.819578976
2bt9,-5.71067,-6.82,-7.43274468,-71.569,-6.00398362311,-8.551801035
2bvd,-7.50464,-6.08,-7.736685912,-108.619,-7.47564820077,-8.289306335
2byr,-10.21383,-8.53,-11.34253417,-182.203,-9.77047590573,-11.81226153
2bza,-3.69581,-6.88,-6.589998536,-64.482,-5.65191054469,-3.868342956
2c1p,-9.08747,-9.21,-9.449809222,-116.593,-10.0195682453,-7.460375701
2c4v,-6.40765,-9.8,-7.819578976,-60.878,-6.51954092541,-3.592032745
2c80,-5.8379,-10.38,-8.289306335,-137.535,-8.61299716447,-7.363667127
2c92,-8.31068,-11.82,-9.505071264,-173.359,-8.05510395773,-7.847209997
2c94,-8.60473,-11.24,-9.65704188,-166.273,-8.25992534899,-9.422178201
2c97,-6.22108,-10.48,-8.386014909,-100.429,-6.96226531088,-8.482723483
2ca8,-5.69893,-7.58,-7.612346317,-106.314,-8.95506184341,-6.43802792
2cex,-7.31454,-9.13,-8.192597761,-94.71,-8.07164706673,-6.493289962
2cht,-8.25254,-9.32,-8.42746144,-98.074,-6.62032072205,-7.626161828
2cji,-9.21417,-7.13,-9.1596835,-161.492,-10.8527020176,-11.35634968
2csn,-6.12373,-8.29,-8.095889187,-71.732,-7.42920361132,-6.092640156
2d1n,-7.2071,-11.9,-9.988614133,-206.938,-10.3555659686,-11.2596411
2dri,-6.93447,-6.94,-8.275490824,-74.245,-6.41436588476,-9.518886774
2dw7,-4.39668,-5.48,-7.045910385,-50.575,-5.84403643968,-6.493289962
2er6,-9.11891,-13.3,-13.26289014,-254.155,-11.0234960979,-9.974798623
2ez7,-3.4089,-4.52,-6.065009135,-31.87,-6.75739420272,-6.023562603
2f1g,-7.87739,-8.25,-9.104421458,-145.051,-9.75375271721,-10.41689496
2f2h,-10.6108,-8.72,-10.55505007,-162.267,-8.11889150825,-7.874841018
2f34,-7.71303,-8.54,-8.607063078,-115.927,-8.37661242805,-9.518886774
2f35,-7.6527,-8.04,-9.062974926,-110.125,-8.99872355089,-7.460375701
2f5t,-10.26456,-9.66,-9.878090049,-141.878,-7.61742234335,-7.142618959
2f6t,-8.36022,-9.29,-9.726119433,-117.319,-7.96837340607,-6.382765878
2f7o,-6.83294,-7.06,-7.736685912,-68.943,-7.85041964704,-10.27873986
2f7p,-7.29159,-5.01,-7.888656529,-92.642,-8.25649438357,-9.118236968
2f81,-9.78064,-10.49,-11.52213581,-197.797,-10.7650573397,-14.53391711
2f8g,-9.44976,-10.16,-11.23201008,-192.532,-12.3954675161,-12.01949419
2fgu,-11.53216,-12.54,-13.33196769,-215.348,-11.7831445107,-12.68263869
2fgv,-11.25795,-12.28,-13.53920035,-228.686,-11.739059677,-8.455092462
2fpz,-6.79475,-5.93,-7.114987937,-57.25,-6.79548859812,-5.470942181
2fqw,-9.02593,-10.52,-8.565616546,-115.805,-7.51005306494,-9.228761053
2fw6,-5.65125,-8.47,-7.474191212,-83.914,-5.28354275256,-4.034129083
2fwp,-5.63073,-8.43,-7.446560191,-83.17,-5.24403651066,-4.034129083
2fx6,-6.14189,-7.16,-7.114987937,-57.596,-6.73935725326,-5.111738906
2fxv,-9.10572,-9.89,-8.869557778,-144.416,-7.12587521502,-7.391298149
2fzg,-7.00403,-5.05,-9.256392074,-112.416,-7.41040048888,-4.669642569
2fzk,-7.01494,-7.24,-8.897188799,-85.16,-7.75067799416,-4.973583801
2fzz,-12.6504,-9.32,-11.770815,-201.524,-12.201269156,-14.53391711
2g00,-12.51422,-10.47,-11.97804765,-192.431,-12.1431121503,-13.45630728
2gh7,-7.64171,-13.52,-8.703771652,-119.964,-9.10896560938,-17.96016373
2gst,-8.93766,-13.6,-11.39779621,-165.521,-9.16049400988,-8.386014909
2gsu,-5.88644,-4.49,-8.441276951,-92.652,-7.40016938723,-4.95976829
2gv6,-8.21511,-10.1,-10.27873986,-145.816,-10.806005592,-10.14058475
2gv7,-9.02937,-10.51,-12.18528031,-186.839,-10.2291475065,-10.84517579
2gvv,-6.23339,-5.33,-8.316937356,-75.235,-7.86729914806,-5.388049118
2h4g,-6.8327,-7.97,-9.449809222,-106.213,-7.25571175541,-9.007712884
2h4k,-6.83741,-8.04,-9.339285137,-97.289,-7.25135524483,-7.584715296
2h4n,-4.9816,-5.27,-7.225512022,-46.581,-10.452635226,-12.01949419
2hb1,-5.51322,-8.36,-7.91628755,-85.564,-6.93149471878,-5.249894012
2hb3,-9.93319,-11.23,-11.49450478,-205.585,-14.3229818918,-15.68060448
2hs1,-9.47048,-10.7,-11.28727213,-197.72,-10.6017034127,-11.71555295
2hs2,-9.30661,-10.42,-10.95569987,-182.475,-10.9532174345,-11.48068927
2hu6,-9.23191,-8.21,-9.353100648,-148.861,-9.59257192642,-5.263709523
2hxm,-7.69782,-10.95,-8.579432057,-121.476,-8.51636003842,-7.211696511
2i0a,-9.28342,-10.36,-11.28727213,-207.055,-13.521302939,-15.74968204
2i3h,-8.28223,-11.51,-10.69320517,-176.404,-9.06555359866,-10.22347781
2i3i,-8.42248,-10.32,-10.34781741,-163.218,-9.43358343274,-10.08532271
2ihq,-11.83468,-12.53,-10.52741905,-141.009,-11.8196533085,-11.72936846
2iko,-9.05441,-9.05,-10.32018639,-117.658,-9.90841372403,-7.529453254
2il2,-12.0143,-13.3,-12.97276441,-223.832,-10.1471460668,-9.809012496
2iuz,-9.01234,-9.77,-8.137335719,-113.692,-8.16181503943,-7.66760836
2izl,-7.71988,-9.75,-8.537985525,-110.444,-8.46123092307,-8.289306335
2j34,-9.02821,-7.54,-9.021528394,-152.826,-11.2724296623,-10.80372926
2jxr,-10.0558,-11.9,-11.52213581,-199.435,-10.147892117,-9.739934943
2mas,-9.6755,-7.46,-9.132052479,-97.357,-8.97122706853,-10.38926394
2olb,-7.97653,-11.3,-9.822828007,-198.902,-9.20797135882,-7.653792849
2pcp,-9.38152,-7.71,-9.809012496,-118.153,-8.23201089939,-12.01949419
2sim,-8.36716,-8.65,-8.095889187,-95.867,-7.08490604466,-4.724904611
2ypi,-3.33212,-7.43,-6.838677726,-51.809,-5.87945563634,-6.659076089
3aid,-4.12047,-8.19,-12.06094072,-176.238,-10.3104577256,-9.477440243
3gst,-9.19559,-11.87,-11.08003947,-159.984,-9.30159958221,-9.284023095
3jdw,-4.95763,-6.79,-6.714338131,-69.274,-6.54979744055,-4.973583801
3kiv,-3.30913,-3.94,-6.589998536,-36.536,-5.59620350079,-6.493289962
456c,-8.77632,-7.92,-10.01624515,-160.384,-9.34329056768,-13.49775382
4er1,-10.62812,-11.84,-14.38194649,-239.02,-11.5154719693,-9.145867989
4fiv,-11.81458,-17.09,-15.36284774,-303.404,-10.1988376568,-9.007712884
4rsk,-5.75171,-7.79,-7.41892917,-92.124,-5.2443396626,-5.968300561
4std,-11.24276,-10.15,-10.44452598,-122.36,-9.78580385057,-14.27142241
4tmk,-11.19335,-16.21,-11.92278561,-216.925,-8.6356437835,-10.63794313
5abp,-7.15423,-7.32,-7.722870402,-64.124,-6.60671870071,-9.173499011
5er2,-9.3346,-13.22,-13.31815218,-275.293,-11.2065031379,-9.076790437
5std,-13.34954,-11,-11.770815,-134.123,-10.1814724229,-14.49247058
5tmp,-11.26816,-16.5,-12.0333097,-251.622,-8.28749673315,-10.32018639
5yas,-5.34225,-7.09,-6.741969152,-45.789,-5.73607222309,-4.503856442
6abp,-6.08946,-7.58,-7.612346317,-49.836,-6.23648388365,-8.786664715
6tim,-4.49443,-6.12,-7.032094874,-61.159,-5.75644890012,-4.434778889
7abp,-7.02493,-8,-7.888656529,-58.142,-6.37792286387,-8.92481982
7std,-9.98264,-8.76,-10.52741905,-106.568,-9.53538341508,-14.81022732
7upj,-10.41652,-7.85,-10.81754477,-145.033,-10.1555553903,-11.72936846
8abp,-6.95264,-7.14,-7.805763465,-62.977,-6.73849477303,-11.05240845
9abp,-6.61245,-6.8,-7.819578976,-64.308,-6.19807243316,-11.05240845
